/*M!999999\- enable the sandbox mode */ 
-- MariaDB dump 10.19  Distrib 10.6.23-MariaDB, for debian-linux-gnu (x86_64)
--
-- Host: localhost    Database: hppprog
-- ------------------------------------------------------
-- Server version	10.6.23-MariaDB-0ubuntu0.22.04.1

/*!40101 SET @OLD_CHARACTER_SET_CLIENT=@@CHARACTER_SET_CLIENT */;
/*!40101 SET @OLD_CHARACTER_SET_RESULTS=@@CHARACTER_SET_RESULTS */;
/*!40101 SET @OLD_COLLATION_CONNECTION=@@COLLATION_CONNECTION */;
/*!40101 SET NAMES utf8mb4 */;
/*!40103 SET @OLD_TIME_ZONE=@@TIME_ZONE */;
/*!40103 SET TIME_ZONE='+00:00' */;
/*!40014 SET @OLD_UNIQUE_CHECKS=@@UNIQUE_CHECKS, UNIQUE_CHECKS=0 */;
/*!40014 SET @OLD_FOREIGN_KEY_CHECKS=@@FOREIGN_KEY_CHECKS, FOREIGN_KEY_CHECKS=0 */;
/*!40101 SET @OLD_SQL_MODE=@@SQL_MODE, SQL_MODE='NO_AUTO_VALUE_ON_ZERO' */;
/*!40111 SET @OLD_SQL_NOTES=@@SQL_NOTES, SQL_NOTES=0 */;

--
-- Current Database: `hppprog`
--

/*!40000 DROP DATABASE IF EXISTS `hppprog`*/;

CREATE DATABASE /*!32312 IF NOT EXISTS*/ `hppprog` /*!40100 DEFAULT CHARACTER SET utf8mb4 COLLATE utf8mb4_unicode_ci */;

USE `hppprog`;

--
-- Table structure for table `addon_categories`
--

DROP TABLE IF EXISTS `addon_categories`;
/*!40101 SET @saved_cs_client     = @@character_set_client */;
/*!40101 SET character_set_client = utf8mb4 */;
CREATE TABLE `addon_categories` (
  `id` int(11) NOT NULL AUTO_INCREMENT,
  `category_name` varchar(100) NOT NULL,
  `display_order` int(11) DEFAULT 0,
  `created_at` timestamp NOT NULL DEFAULT current_timestamp(),
  PRIMARY KEY (`id`),
  UNIQUE KEY `category_name` (`category_name`)
) ENGINE=InnoDB AUTO_INCREMENT=8 DEFAULT CHARSET=utf8mb4 COLLATE=utf8mb4_unicode_ci;
/*!40101 SET character_set_client = @saved_cs_client */;

--
-- Dumping data for table `addon_categories`
--

LOCK TABLES `addon_categories` WRITE;
/*!40000 ALTER TABLE `addon_categories` DISABLE KEYS */;
INSERT INTO `addon_categories` VALUES (1,'Finishing',0,'2026-04-06 05:03:41'),(2,'Kertas',0,'2026-04-06 05:03:41'),(3,'Halaman Tambahan',0,'2026-04-06 05:03:41'),(4,'Video',0,'2026-04-06 05:03:41'),(5,'Packaging Standard',0,'2026-04-06 05:03:41'),(6,'Custom Box',0,'2026-04-06 05:03:41');
/*!40000 ALTER TABLE `addon_categories` ENABLE KEYS */;
UNLOCK TABLES;

--
-- Table structure for table `addon_items`
--

DROP TABLE IF EXISTS `addon_items`;
/*!40101 SET @saved_cs_client     = @@character_set_client */;
/*!40101 SET character_set_client = utf8mb4 */;
CREATE TABLE `addon_items` (
  `id` int(11) NOT NULL AUTO_INCREMENT,
  `category_id` int(11) NOT NULL,
  `name` varchar(150) NOT NULL,
  `addon_type` enum('flat','tiered','flat_video','per_hal','extra_hal') NOT NULL DEFAULT 'flat',
  `description` text DEFAULT NULL,
  `flat_price` int(11) DEFAULT NULL,
  `display_order` int(11) DEFAULT 0,
  `created_at` timestamp NOT NULL DEFAULT current_timestamp(),
  `updated_at` timestamp NOT NULL DEFAULT current_timestamp() ON UPDATE current_timestamp(),
  PRIMARY KEY (`id`),
  UNIQUE KEY `name_category` (`name`,`category_id`),
  KEY `idx_addon_cat` (`category_id`),
  CONSTRAINT `addon_items_ibfk_1` FOREIGN KEY (`category_id`) REFERENCES `addon_categories` (`id`) ON DELETE CASCADE
) ENGINE=InnoDB AUTO_INCREMENT=10 DEFAULT CHARSET=utf8mb4 COLLATE=utf8mb4_unicode_ci;
/*!40101 SET character_set_client = @saved_cs_client */;

--
-- Dumping data for table `addon_items`
--

LOCK TABLES `addon_items` WRITE;
/*!40000 ALTER TABLE `addon_items` DISABLE KEYS */;
INSERT INTO `addon_items` VALUES (1,1,'Hardcover','tiered',NULL,NULL,0,'2026-04-06 05:03:41','2026-04-06 05:03:41'),(2,1,'Softcover','tiered',NULL,NULL,0,'2026-04-06 05:03:41','2026-04-06 05:03:41'),(3,2,'Art Paper 260gsm','tiered',NULL,NULL,0,'2026-04-06 05:03:41','2026-04-06 05:03:41'),(4,2,'Glossy 230gsm','tiered',NULL,NULL,0,'2026-04-06 05:03:41','2026-04-06 05:03:41'),(5,3,'Halaman Tambahan','extra_hal',NULL,NULL,0,'2026-04-06 05:03:41','2026-04-06 05:03:41'),(6,4,'Drone Video','flat_video',NULL,1500000,0,'2026-04-06 05:03:41','2026-04-06 05:03:41'),(7,4,'Docudrama Video','flat_video',NULL,3000000,0,'2026-04-06 05:03:41','2026-04-06 05:03:41'),(8,5,'Slide Box','tiered',NULL,NULL,0,'2026-04-06 05:03:41','2026-04-06 05:03:41'),(9,6,'Custom Printed Box','tiered',NULL,NULL,0,'2026-04-06 05:03:41','2026-04-06 05:03:41');
/*!40000 ALTER TABLE `addon_items` ENABLE KEYS */;
UNLOCK TABLES;

--
-- Table structure for table `addon_tiers`
--

DROP TABLE IF EXISTS `addon_tiers`;
/*!40101 SET @saved_cs_client     = @@character_set_client */;
/*!40101 SET character_set_client = utf8mb4 */;
CREATE TABLE `addon_tiers` (
  `id` int(11) NOT NULL AUTO_INCREMENT,
  `addon_item_id` int(11) NOT NULL,
  `tier_label` varchar(50) DEFAULT NULL,
  `min_quantity` int(11) NOT NULL,
  `max_quantity` int(11) DEFAULT NULL,
  `price` int(11) NOT NULL,
  `display_order` int(11) DEFAULT 0,
  `created_at` timestamp NOT NULL DEFAULT current_timestamp(),
  PRIMARY KEY (`id`),
  UNIQUE KEY `tier_range` (`addon_item_id`,`min_quantity`),
  KEY `idx_addon_tier` (`addon_item_id`),
  CONSTRAINT `addon_tiers_ibfk_1` FOREIGN KEY (`addon_item_id`) REFERENCES `addon_items` (`id`) ON DELETE CASCADE
) ENGINE=InnoDB AUTO_INCREMENT=29 DEFAULT CHARSET=utf8mb4 COLLATE=utf8mb4_unicode_ci;
/*!40101 SET character_set_client = @saved_cs_client */;

--
-- Dumping data for table `addon_tiers`
--

LOCK TABLES `addon_tiers` WRITE;
/*!40000 ALTER TABLE `addon_tiers` DISABLE KEYS */;
INSERT INTO `addon_tiers` VALUES (1,1,'25–75 buku',25,75,75000,0,'2026-04-06 05:03:41'),(2,1,'76–150 buku',76,150,65000,0,'2026-04-06 05:03:41'),(3,1,'>151 buku',151,NULL,55000,0,'2026-04-06 05:03:41'),(4,2,'25–75 buku',25,75,45000,0,'2026-04-06 05:03:41'),(5,2,'76–150 buku',76,150,35000,0,'2026-04-06 05:03:41'),(6,2,'>151 buku',151,NULL,30000,0,'2026-04-06 05:03:41'),(7,3,'25–50',25,50,5000,0,'2026-04-06 05:03:41'),(8,3,'51–100',51,100,4000,0,'2026-04-06 05:03:41'),(9,3,'101–150',101,150,3500,0,'2026-04-06 05:03:41'),(10,3,'>151',151,NULL,3000,0,'2026-04-06 05:03:41'),(11,4,'25–50',25,50,3500,0,'2026-04-06 05:03:41'),(12,4,'51–100',51,100,3000,0,'2026-04-06 05:03:41'),(13,4,'101–150',101,150,2500,0,'2026-04-06 05:03:41'),(14,4,'>151',151,NULL,2000,0,'2026-04-06 05:03:41'),(15,5,'25–50 order',25,50,15000,0,'2026-04-06 05:03:41'),(16,5,'51–100 order',51,100,12000,0,'2026-04-06 05:03:41'),(17,5,'101–150 order',101,150,10000,0,'2026-04-06 05:03:41'),(18,5,'>151 order',151,NULL,8000,0,'2026-04-06 05:03:41'),(19,8,'25–50',25,50,25000,0,'2026-04-06 05:03:41'),(20,8,'51–100',51,100,20000,0,'2026-04-06 05:03:41'),(21,8,'101–150',101,150,18000,0,'2026-04-06 05:03:41'),(22,8,'151–200',151,200,15000,0,'2026-04-06 05:03:41'),(23,8,'>200',201,NULL,12000,0,'2026-04-06 05:03:41'),(24,9,'25–50',25,50,45000,0,'2026-04-06 05:03:41'),(25,9,'51–100',51,100,38000,0,'2026-04-06 05:03:41'),(26,9,'101–150',101,150,32000,0,'2026-04-06 05:03:41'),(27,9,'151–200',151,200,28000,0,'2026-04-06 05:03:41'),(28,9,'>200',201,NULL,24000,0,'2026-04-06 05:03:41');
/*!40000 ALTER TABLE `addon_tiers` ENABLE KEYS */;
UNLOCK TABLES;

--
-- Table structure for table `addons`
--

DROP TABLE IF EXISTS `addons`;
/*!40101 SET @saved_cs_client     = @@character_set_client */;
/*!40101 SET character_set_client = utf8mb4 */;
CREATE TABLE `addons` (
  `id` int(11) NOT NULL AUTO_INCREMENT,
  `name` varchar(100) NOT NULL,
  `price` bigint(20) NOT NULL,
  `unit` varchar(50) DEFAULT NULL,
  `category` varchar(50) DEFAULT NULL,
  `description` text DEFAULT NULL,
  `active` tinyint(4) DEFAULT 1,
  `created_at` timestamp NOT NULL DEFAULT current_timestamp(),
  `updated_at` timestamp NOT NULL DEFAULT current_timestamp() ON UPDATE current_timestamp(),
  PRIMARY KEY (`id`),
  UNIQUE KEY `name` (`name`),
  KEY `idx_active` (`active`),
  KEY `idx_category` (`category`)
) ENGINE=InnoDB AUTO_INCREMENT=58 DEFAULT CHARSET=utf8mb4 COLLATE=utf8mb4_unicode_ci;
/*!40101 SET character_set_client = @saved_cs_client */;

--
-- Dumping data for table `addons`
--

LOCK TABLES `addons` WRITE;
/*!40000 ALTER TABLE `addons` DISABLE KEYS */;
INSERT INTO `addons` VALUES (39,'Binding Paku/Jepang/Spiral',50000,'flat','finishing','',1,'2026-04-16 03:12:16','2026-04-16 03:12:16'),(40,'Pop Up 2D',55000,'flat','finishing','',1,'2026-04-16 03:12:16','2026-04-16 03:12:16'),(41,'Cover Tunnel',75000,'flat','finishing','',1,'2026-04-16 03:12:16','2026-04-16 03:12:16'),(42,'Cover Klip/Cetekan',15000,'flat','finishing','',1,'2026-04-16 03:12:16','2026-04-16 03:12:16'),(43,'Cover Bahan',55000,'flat','finishing','',1,'2026-04-16 03:12:16','2026-04-16 03:12:16'),(44,'Ivory Paper',450,'per_hal','kertas','',1,'2026-04-16 03:12:16','2026-04-16 03:12:16'),(45,'Laminasi Paper',600,'per_hal','kertas','',1,'2026-04-16 03:12:16','2026-04-16 03:12:16'),(46,'Halaman Tambahan',3000,'extra_hal','halaman','',1,'2026-04-16 03:12:16','2026-04-16 03:12:16'),(47,'Drone Video (1–2 mnt)',1500000,'flat_video','video','',1,'2026-04-16 03:12:16','2026-04-16 03:12:16'),(48,'Docudrama Video (5–10 mnt)',3000000,'flat_video','video','',1,'2026-04-16 03:12:16','2026-04-16 03:12:16'),(49,'Slide Box',45000,'flat','pkg1','',1,'2026-04-16 03:12:16','2026-04-16 03:12:16'),(50,'Standart Box 1',150000,'flat','pkg1','',1,'2026-04-16 03:12:16','2026-04-16 03:12:16'),(51,'Standart Box 2',150000,'flat','pkg1','',1,'2026-04-16 03:12:16','2026-04-16 03:12:16'),(52,'Hard Box 3 (Akrilik)',125000,'flat','pkg1','',1,'2026-04-16 03:12:16','2026-04-16 03:12:16'),(53,'Custom Box 1',200000,'flat','pkg2','',1,'2026-04-16 03:12:16','2026-04-16 03:12:16'),(54,'Custom Box 2',165000,'flat','pkg2','',1,'2026-04-16 03:12:16','2026-04-16 03:12:16'),(55,'Custom Box 3',200000,'flat','pkg2','',1,'2026-04-16 03:12:16','2026-04-16 03:12:16'),(56,'Custom Box 4',200000,'flat','pkg2','',1,'2026-04-16 03:12:16','2026-04-16 03:12:16'),(57,'Custom Box 5',200000,'flat','pkg2','',1,'2026-04-16 03:12:16','2026-04-16 03:12:16');
/*!40000 ALTER TABLE `addons` ENABLE KEYS */;
UNLOCK TABLES;

--
-- Table structure for table `alacarte_factors`
--

DROP TABLE IF EXISTS `alacarte_factors`;
/*!40101 SET @saved_cs_client     = @@character_set_client */;
/*!40101 SET character_set_client = utf8mb4 */;
CREATE TABLE `alacarte_factors` (
  `id` int(11) NOT NULL AUTO_INCREMENT,
  `package_code` varchar(50) NOT NULL,
  `factor` decimal(5,3) NOT NULL,
  `min_per_book` int(11) DEFAULT 0,
  `updated_at` timestamp NOT NULL DEFAULT current_timestamp() ON UPDATE current_timestamp(),
  PRIMARY KEY (`id`),
  UNIQUE KEY `package_code` (`package_code`)
) ENGINE=InnoDB AUTO_INCREMENT=9 DEFAULT CHARSET=utf8mb4 COLLATE=utf8mb4_unicode_ci;
/*!40101 SET character_set_client = @saved_cs_client */;

--
-- Dumping data for table `alacarte_factors`
--

LOCK TABLES `alacarte_factors` WRITE;
/*!40000 ALTER TABLE `alacarte_factors` DISABLE KEYS */;
INSERT INTO `alacarte_factors` VALUES (1,'ebook',0.700,0,'2026-04-16 04:16:03'),(2,'editcetak',0.580,0,'2026-04-06 05:03:41'),(3,'desain',0.550,0,'2026-04-06 05:03:41'),(4,'cetakonly',0.350,0,'2026-04-06 05:03:41');
/*!40000 ALTER TABLE `alacarte_factors` ENABLE KEYS */;
UNLOCK TABLES;

--
-- Table structure for table `cetak_base`
--

DROP TABLE IF EXISTS `cetak_base`;
/*!40101 SET @saved_cs_client     = @@character_set_client */;
/*!40101 SET character_set_client = utf8mb4 */;
CREATE TABLE `cetak_base` (
  `id` int(11) NOT NULL AUTO_INCREMENT,
  `range_label` varchar(100) NOT NULL,
  `min_students` int(11) NOT NULL,
  `max_students` int(11) NOT NULL,
  `pages_count` int(11) NOT NULL,
  `base_price` int(11) NOT NULL,
  `description` text DEFAULT NULL,
  `created_at` timestamp NOT NULL DEFAULT current_timestamp(),
  `updated_at` timestamp NOT NULL DEFAULT current_timestamp() ON UPDATE current_timestamp(),
  PRIMARY KEY (`id`),
  UNIQUE KEY `range_pages` (`min_students`,`pages_count`),
  KEY `idx_cetak_range` (`min_students`,`pages_count`)
) ENGINE=InnoDB AUTO_INCREMENT=552 DEFAULT CHARSET=utf8mb4 COLLATE=utf8mb4_unicode_ci;
/*!40101 SET character_set_client = @saved_cs_client */;

--
-- Dumping data for table `cetak_base`
--

LOCK TABLES `cetak_base` WRITE;
/*!40000 ALTER TABLE `cetak_base` DISABLE KEYS */;
INSERT INTO `cetak_base` VALUES (305,'30–50 siswa',30,50,30,92000,NULL,'2026-04-16 03:32:22','2026-04-16 03:32:22'),(306,'30–50 siswa',30,50,45,102000,NULL,'2026-04-16 03:32:22','2026-04-16 03:32:22'),(307,'30–50 siswa',30,50,60,115000,NULL,'2026-04-16 03:32:22','2026-04-16 03:32:22'),(308,'30–50 siswa',30,50,65,127000,NULL,'2026-04-16 03:32:22','2026-04-16 03:32:22'),(309,'30–50 siswa',30,50,75,140000,NULL,'2026-04-16 03:32:22','2026-04-16 03:32:22'),(310,'30–50 siswa',30,50,80,140000,NULL,'2026-04-16 03:32:22','2026-04-16 03:32:22'),(311,'30–50 siswa',30,50,90,152000,NULL,'2026-04-16 03:32:22','2026-04-16 03:32:22'),(312,'30–50 siswa',30,50,100,165000,NULL,'2026-04-16 03:32:22','2026-04-16 03:32:22'),(313,'30–50 siswa',30,50,110,176000,NULL,'2026-04-16 03:32:22','2026-04-16 03:32:22'),(314,'30–50 siswa',30,50,120,176000,NULL,'2026-04-16 03:32:22','2026-04-16 03:32:22'),(315,'30–50 siswa',30,50,135,176000,NULL,'2026-04-16 03:32:22','2026-04-16 03:32:22'),(316,'30–50 siswa',30,50,150,176000,NULL,'2026-04-16 03:32:22','2026-04-16 03:32:22'),(317,'30–50 siswa',30,50,160,176000,NULL,'2026-04-16 03:32:22','2026-04-16 03:32:22'),(318,'51–75 siswa',51,75,30,80000,NULL,'2026-04-16 03:32:22','2026-04-16 03:32:22'),(319,'51–75 siswa',51,75,45,90000,NULL,'2026-04-16 03:32:22','2026-04-16 03:32:22'),(320,'51–75 siswa',51,75,60,100000,NULL,'2026-04-16 03:32:22','2026-04-16 03:32:22'),(321,'51–75 siswa',51,75,65,110000,NULL,'2026-04-16 03:32:22','2026-04-16 03:32:22'),(322,'51–75 siswa',51,75,75,122000,NULL,'2026-04-16 03:32:22','2026-04-16 03:32:22'),(323,'51–75 siswa',51,75,80,122000,NULL,'2026-04-16 03:32:22','2026-04-16 03:32:22'),(324,'51–75 siswa',51,75,90,134000,NULL,'2026-04-16 03:32:22','2026-04-16 03:32:22'),(325,'51–75 siswa',51,75,100,145000,NULL,'2026-04-16 03:32:22','2026-04-16 03:32:22'),(326,'51–75 siswa',51,75,110,158000,NULL,'2026-04-16 03:32:22','2026-04-16 03:32:22'),(327,'51–75 siswa',51,75,120,162000,NULL,'2026-04-16 03:32:22','2026-04-16 03:32:22'),(328,'51–75 siswa',51,75,135,165000,NULL,'2026-04-16 03:32:22','2026-04-16 03:32:22'),(329,'51–75 siswa',51,75,150,168000,NULL,'2026-04-16 03:32:22','2026-04-16 03:32:22'),(330,'51–75 siswa',51,75,160,170000,NULL,'2026-04-16 03:32:22','2026-04-16 03:32:22'),(331,'76–100 siswa',76,100,30,70000,NULL,'2026-04-16 03:32:22','2026-04-16 03:32:22'),(332,'76–100 siswa',76,100,45,80000,NULL,'2026-04-16 03:32:22','2026-04-16 03:32:22'),(333,'76–100 siswa',76,100,60,90000,NULL,'2026-04-16 03:32:22','2026-04-16 03:32:22'),(334,'76–100 siswa',76,100,65,98000,NULL,'2026-04-16 03:32:22','2026-04-16 03:32:22'),(335,'76–100 siswa',76,100,75,108000,NULL,'2026-04-16 03:32:22','2026-04-16 03:32:22'),(336,'76–100 siswa',76,100,80,108000,NULL,'2026-04-16 03:32:22','2026-04-16 03:32:22'),(337,'76–100 siswa',76,100,90,118000,NULL,'2026-04-16 03:32:22','2026-04-16 03:32:22'),(338,'76–100 siswa',76,100,100,130000,NULL,'2026-04-16 03:32:22','2026-04-16 03:32:22'),(339,'76–100 siswa',76,100,110,140000,NULL,'2026-04-16 03:32:22','2026-04-16 03:32:22'),(340,'76–100 siswa',76,100,120,145000,NULL,'2026-04-16 03:32:22','2026-04-16 03:32:22'),(341,'76–100 siswa',76,100,135,150000,NULL,'2026-04-16 03:32:22','2026-04-16 03:32:22'),(342,'76–100 siswa',76,100,150,155000,NULL,'2026-04-16 03:32:22','2026-04-16 03:32:22'),(343,'76–100 siswa',76,100,160,160000,NULL,'2026-04-16 03:32:22','2026-04-16 03:32:22'),(344,'101–125 siswa',101,125,30,62000,NULL,'2026-04-16 03:32:22','2026-04-16 03:32:22'),(345,'101–125 siswa',101,125,45,72000,NULL,'2026-04-16 03:32:22','2026-04-16 03:32:22'),(346,'101–125 siswa',101,125,60,82000,NULL,'2026-04-16 03:32:22','2026-04-16 03:32:22'),(347,'101–125 siswa',101,125,65,88000,NULL,'2026-04-16 03:32:22','2026-04-16 03:32:22'),(348,'101–125 siswa',101,125,75,97000,NULL,'2026-04-16 03:32:22','2026-04-16 03:32:22'),(349,'101–125 siswa',101,125,80,97000,NULL,'2026-04-16 03:32:22','2026-04-16 03:32:22'),(350,'101–125 siswa',101,125,90,106000,NULL,'2026-04-16 03:32:22','2026-04-16 03:32:22'),(351,'101–125 siswa',101,125,100,116000,NULL,'2026-04-16 03:32:22','2026-04-16 03:32:22'),(352,'101–125 siswa',101,125,110,126000,NULL,'2026-04-16 03:32:22','2026-04-16 03:32:22'),(353,'101–125 siswa',101,125,120,130000,NULL,'2026-04-16 03:32:22','2026-04-16 03:32:22'),(354,'101–125 siswa',101,125,135,135000,NULL,'2026-04-16 03:32:22','2026-04-16 03:32:22'),(355,'101–125 siswa',101,125,150,140000,NULL,'2026-04-16 03:32:22','2026-04-16 03:32:22'),(356,'101–125 siswa',101,125,160,145000,NULL,'2026-04-16 03:32:22','2026-04-16 03:32:22'),(357,'126–150 siswa',126,150,30,58000,NULL,'2026-04-16 03:32:22','2026-04-16 03:32:22'),(358,'126–150 siswa',126,150,45,68000,NULL,'2026-04-16 03:32:22','2026-04-16 03:32:22'),(359,'126–150 siswa',126,150,60,76000,NULL,'2026-04-16 03:32:22','2026-04-16 03:32:22'),(360,'126–150 siswa',126,150,65,82000,NULL,'2026-04-16 03:32:22','2026-04-16 03:32:22'),(361,'126–150 siswa',126,150,75,90000,NULL,'2026-04-16 03:32:22','2026-04-16 03:32:22'),(362,'126–150 siswa',126,150,80,90000,NULL,'2026-04-16 03:32:22','2026-04-16 03:32:22'),(363,'126–150 siswa',126,150,90,98000,NULL,'2026-04-16 03:32:22','2026-04-16 03:32:22'),(364,'126–150 siswa',126,150,100,108000,NULL,'2026-04-16 03:32:22','2026-04-16 03:32:22'),(365,'126–150 siswa',126,150,110,118000,NULL,'2026-04-16 03:32:22','2026-04-16 03:32:22'),(366,'126–150 siswa',126,150,120,122000,NULL,'2026-04-16 03:32:22','2026-04-16 03:32:22'),(367,'126–150 siswa',126,150,135,127000,NULL,'2026-04-16 03:32:22','2026-04-16 03:32:22'),(368,'126–150 siswa',126,150,150,132000,NULL,'2026-04-16 03:32:22','2026-04-16 03:32:22'),(369,'126–150 siswa',126,150,160,137000,NULL,'2026-04-16 03:32:22','2026-04-16 03:32:22'),(370,'151–175 siswa',151,175,30,54000,NULL,'2026-04-16 03:32:22','2026-04-16 03:32:22'),(371,'151–175 siswa',151,175,45,63000,NULL,'2026-04-16 03:32:22','2026-04-16 03:32:22'),(372,'151–175 siswa',151,175,60,71000,NULL,'2026-04-16 03:32:22','2026-04-16 03:32:22'),(373,'151–175 siswa',151,175,65,76000,NULL,'2026-04-16 03:32:22','2026-04-16 03:32:22'),(374,'151–175 siswa',151,175,75,84000,NULL,'2026-04-16 03:32:22','2026-04-16 03:32:22'),(375,'151–175 siswa',151,175,80,84000,NULL,'2026-04-16 03:32:22','2026-04-16 03:32:22'),(376,'151–175 siswa',151,175,90,91000,NULL,'2026-04-16 03:32:22','2026-04-16 03:32:22'),(377,'151–175 siswa',151,175,100,100000,NULL,'2026-04-16 03:32:22','2026-04-16 03:32:22'),(378,'151–175 siswa',151,175,110,109000,NULL,'2026-04-16 03:32:22','2026-04-16 03:32:22'),(379,'151–175 siswa',151,175,120,113000,NULL,'2026-04-16 03:32:22','2026-04-16 03:32:22'),(380,'151–175 siswa',151,175,135,118000,NULL,'2026-04-16 03:32:22','2026-04-16 03:32:22'),(381,'151–175 siswa',151,175,150,123000,NULL,'2026-04-16 03:32:22','2026-04-16 03:32:22'),(382,'151–175 siswa',151,175,160,128000,NULL,'2026-04-16 03:32:22','2026-04-16 03:32:22'),(383,'176–200 siswa',176,200,30,50000,NULL,'2026-04-16 03:32:22','2026-04-16 03:32:22'),(384,'176–200 siswa',176,200,45,59000,NULL,'2026-04-16 03:32:22','2026-04-16 03:32:22'),(385,'176–200 siswa',176,200,60,66000,NULL,'2026-04-16 03:32:22','2026-04-16 03:32:22'),(386,'176–200 siswa',176,200,65,71000,NULL,'2026-04-16 03:32:22','2026-04-16 03:32:22'),(387,'176–200 siswa',176,200,75,78000,NULL,'2026-04-16 03:32:22','2026-04-16 03:32:22'),(388,'176–200 siswa',176,200,80,78000,NULL,'2026-04-16 03:32:22','2026-04-16 03:32:22'),(389,'176–200 siswa',176,200,90,85000,NULL,'2026-04-16 03:32:22','2026-04-16 03:32:22'),(390,'176–200 siswa',176,200,100,93000,NULL,'2026-04-16 03:32:22','2026-04-16 03:32:22'),(391,'176–200 siswa',176,200,110,101000,NULL,'2026-04-16 03:32:22','2026-04-16 03:32:22'),(392,'176–200 siswa',176,200,120,105000,NULL,'2026-04-16 03:32:22','2026-04-16 03:32:22'),(393,'176–200 siswa',176,200,135,110000,NULL,'2026-04-16 03:32:22','2026-04-16 03:32:22'),(394,'176–200 siswa',176,200,150,115000,NULL,'2026-04-16 03:32:22','2026-04-16 03:32:22'),(395,'176–200 siswa',176,200,160,119000,NULL,'2026-04-16 03:32:22','2026-04-16 03:32:22'),(396,'201–225 siswa',201,225,30,47000,NULL,'2026-04-16 03:32:22','2026-04-16 03:32:22'),(397,'201–225 siswa',201,225,45,55000,NULL,'2026-04-16 03:32:22','2026-04-16 03:32:22'),(398,'201–225 siswa',201,225,60,62000,NULL,'2026-04-16 03:32:22','2026-04-16 03:32:22'),(399,'201–225 siswa',201,225,65,66000,NULL,'2026-04-16 03:32:22','2026-04-16 03:32:22'),(400,'201–225 siswa',201,225,75,73000,NULL,'2026-04-16 03:32:22','2026-04-16 03:32:22'),(401,'201–225 siswa',201,225,80,73000,NULL,'2026-04-16 03:32:22','2026-04-16 03:32:22'),(402,'201–225 siswa',201,225,90,79000,NULL,'2026-04-16 03:32:22','2026-04-16 03:32:22'),(403,'201–225 siswa',201,225,100,87000,NULL,'2026-04-16 03:32:22','2026-04-16 03:32:22'),(404,'201–225 siswa',201,225,110,95000,NULL,'2026-04-16 03:32:22','2026-04-16 03:32:22'),(405,'201–225 siswa',201,225,120,98000,NULL,'2026-04-16 03:32:22','2026-04-16 03:32:22'),(406,'201–225 siswa',201,225,135,103000,NULL,'2026-04-16 03:32:22','2026-04-16 03:32:22'),(407,'201–225 siswa',201,225,150,107000,NULL,'2026-04-16 03:32:22','2026-04-16 03:32:22'),(408,'201–225 siswa',201,225,160,111000,NULL,'2026-04-16 03:32:22','2026-04-16 03:32:22'),(409,'226–250 siswa',226,250,30,44000,NULL,'2026-04-16 03:32:22','2026-04-16 03:32:22'),(410,'226–250 siswa',226,250,45,52000,NULL,'2026-04-16 03:32:22','2026-04-16 03:32:22'),(411,'226–250 siswa',226,250,60,58000,NULL,'2026-04-16 03:32:22','2026-04-16 03:32:22'),(412,'226–250 siswa',226,250,65,62000,NULL,'2026-04-16 03:32:22','2026-04-16 03:32:22'),(413,'226–250 siswa',226,250,75,68000,NULL,'2026-04-16 03:32:22','2026-04-16 03:32:22'),(414,'226–250 siswa',226,250,80,68000,NULL,'2026-04-16 03:32:22','2026-04-16 03:32:22'),(415,'226–250 siswa',226,250,90,74000,NULL,'2026-04-16 03:32:22','2026-04-16 03:32:22'),(416,'226–250 siswa',226,250,100,81000,NULL,'2026-04-16 03:32:22','2026-04-16 03:32:22'),(417,'226–250 siswa',226,250,110,88000,NULL,'2026-04-16 03:32:22','2026-04-16 03:32:22'),(418,'226–250 siswa',226,250,120,92000,NULL,'2026-04-16 03:32:22','2026-04-16 03:32:22'),(419,'226–250 siswa',226,250,135,96000,NULL,'2026-04-16 03:32:22','2026-04-16 03:32:22'),(420,'226–250 siswa',226,250,150,100000,NULL,'2026-04-16 03:32:22','2026-04-16 03:32:22'),(421,'226–250 siswa',226,250,160,104000,NULL,'2026-04-16 03:32:22','2026-04-16 03:32:22'),(422,'251–275 siswa',251,275,30,41000,NULL,'2026-04-16 03:32:22','2026-04-16 03:32:22'),(423,'251–275 siswa',251,275,45,49000,NULL,'2026-04-16 03:32:22','2026-04-16 03:32:22'),(424,'251–275 siswa',251,275,60,55000,NULL,'2026-04-16 03:32:22','2026-04-16 03:32:22'),(425,'251–275 siswa',251,275,65,58000,NULL,'2026-04-16 03:32:22','2026-04-16 03:32:22'),(426,'251–275 siswa',251,275,75,64000,NULL,'2026-04-16 03:32:22','2026-04-16 03:32:22'),(427,'251–275 siswa',251,275,80,64000,NULL,'2026-04-16 03:32:22','2026-04-16 03:32:22'),(428,'251–275 siswa',251,275,90,70000,NULL,'2026-04-16 03:32:22','2026-04-16 03:32:22'),(429,'251–275 siswa',251,275,100,76000,NULL,'2026-04-16 03:32:22','2026-04-16 03:32:22'),(430,'251–275 siswa',251,275,110,83000,NULL,'2026-04-16 03:32:22','2026-04-16 03:32:22'),(431,'251–275 siswa',251,275,120,86000,NULL,'2026-04-16 03:32:22','2026-04-16 03:32:22'),(432,'251–275 siswa',251,275,135,90000,NULL,'2026-04-16 03:32:22','2026-04-16 03:32:22'),(433,'251–275 siswa',251,275,150,94000,NULL,'2026-04-16 03:32:22','2026-04-16 03:32:22'),(434,'251–275 siswa',251,275,160,98000,NULL,'2026-04-16 03:32:22','2026-04-16 03:32:22'),(435,'276–300 siswa',276,300,30,39000,NULL,'2026-04-16 03:32:22','2026-04-16 03:32:22'),(436,'276–300 siswa',276,300,45,46000,NULL,'2026-04-16 03:32:22','2026-04-16 03:32:22'),(437,'276–300 siswa',276,300,60,52000,NULL,'2026-04-16 03:32:22','2026-04-16 03:32:22'),(438,'276–300 siswa',276,300,65,55000,NULL,'2026-04-16 03:32:22','2026-04-16 03:32:22'),(439,'276–300 siswa',276,300,75,60000,NULL,'2026-04-16 03:32:22','2026-04-16 03:32:22'),(440,'276–300 siswa',276,300,80,60000,NULL,'2026-04-16 03:32:22','2026-04-16 03:32:22'),(441,'276–300 siswa',276,300,90,66000,NULL,'2026-04-16 03:32:22','2026-04-16 03:32:22'),(442,'276–300 siswa',276,300,100,72000,NULL,'2026-04-16 03:32:22','2026-04-16 03:32:22'),(443,'276–300 siswa',276,300,110,78000,NULL,'2026-04-16 03:32:22','2026-04-16 03:32:22'),(444,'276–300 siswa',276,300,120,81000,NULL,'2026-04-16 03:32:22','2026-04-16 03:32:22'),(445,'276–300 siswa',276,300,135,85000,NULL,'2026-04-16 03:32:22','2026-04-16 03:32:22'),(446,'276–300 siswa',276,300,150,89000,NULL,'2026-04-16 03:32:22','2026-04-16 03:32:22'),(447,'276–300 siswa',276,300,160,92000,NULL,'2026-04-16 03:32:22','2026-04-16 03:32:22'),(448,'301–325 siswa',301,325,30,37000,NULL,'2026-04-16 03:32:22','2026-04-16 03:32:22'),(449,'301–325 siswa',301,325,45,44000,NULL,'2026-04-16 03:32:22','2026-04-16 03:32:22'),(450,'301–325 siswa',301,325,60,49000,NULL,'2026-04-16 03:32:22','2026-04-16 03:32:22'),(451,'301–325 siswa',301,325,65,52000,NULL,'2026-04-16 03:32:22','2026-04-16 03:32:22'),(452,'301–325 siswa',301,325,75,57000,NULL,'2026-04-16 03:32:22','2026-04-16 03:32:22'),(453,'301–325 siswa',301,325,80,57000,NULL,'2026-04-16 03:32:22','2026-04-16 03:32:22'),(454,'301–325 siswa',301,325,90,62000,NULL,'2026-04-16 03:32:22','2026-04-16 03:32:22'),(455,'301–325 siswa',301,325,100,68000,NULL,'2026-04-16 03:32:22','2026-04-16 03:32:22'),(456,'301–325 siswa',301,325,110,74000,NULL,'2026-04-16 03:32:22','2026-04-16 03:32:22'),(457,'301–325 siswa',301,325,120,77000,NULL,'2026-04-16 03:32:22','2026-04-16 03:32:22'),(458,'301–325 siswa',301,325,135,80000,NULL,'2026-04-16 03:32:22','2026-04-16 03:32:22'),(459,'301–325 siswa',301,325,150,84000,NULL,'2026-04-16 03:32:22','2026-04-16 03:32:22'),(460,'301–325 siswa',301,325,160,87000,NULL,'2026-04-16 03:32:22','2026-04-16 03:32:22'),(461,'326–350 siswa',326,350,30,35000,NULL,'2026-04-16 03:32:22','2026-04-16 03:32:22'),(462,'326–350 siswa',326,350,45,42000,NULL,'2026-04-16 03:32:22','2026-04-16 03:32:22'),(463,'326–350 siswa',326,350,60,47000,NULL,'2026-04-16 03:32:22','2026-04-16 03:32:22'),(464,'326–350 siswa',326,350,65,50000,NULL,'2026-04-16 03:32:22','2026-04-16 03:32:22'),(465,'326–350 siswa',326,350,75,54000,NULL,'2026-04-16 03:32:22','2026-04-16 03:32:22'),(466,'326–350 siswa',326,350,80,54000,NULL,'2026-04-16 03:32:22','2026-04-16 03:32:22'),(467,'326–350 siswa',326,350,90,59000,NULL,'2026-04-16 03:32:22','2026-04-16 03:32:22'),(468,'326–350 siswa',326,350,100,65000,NULL,'2026-04-16 03:32:22','2026-04-16 03:32:22'),(469,'326–350 siswa',326,350,110,70000,NULL,'2026-04-16 03:32:22','2026-04-16 03:32:22'),(470,'326–350 siswa',326,350,120,73000,NULL,'2026-04-16 03:32:22','2026-04-16 03:32:22'),(471,'326–350 siswa',326,350,135,76000,NULL,'2026-04-16 03:32:22','2026-04-16 03:32:22'),(472,'326–350 siswa',326,350,150,80000,NULL,'2026-04-16 03:32:22','2026-04-16 03:32:22'),(473,'326–350 siswa',326,350,160,83000,NULL,'2026-04-16 03:32:22','2026-04-16 03:32:22'),(474,'351–375 siswa',351,375,30,33000,NULL,'2026-04-16 03:32:22','2026-04-16 03:32:22'),(475,'351–375 siswa',351,375,45,40000,NULL,'2026-04-16 03:32:22','2026-04-16 03:32:22'),(476,'351–375 siswa',351,375,60,45000,NULL,'2026-04-16 03:32:22','2026-04-16 03:32:22'),(477,'351–375 siswa',351,375,65,47000,NULL,'2026-04-16 03:32:22','2026-04-16 03:32:22'),(478,'351–375 siswa',351,375,75,52000,NULL,'2026-04-16 03:32:22','2026-04-16 03:32:22'),(479,'351–375 siswa',351,375,80,52000,NULL,'2026-04-16 03:32:22','2026-04-16 03:32:22'),(480,'351–375 siswa',351,375,90,56000,NULL,'2026-04-16 03:32:22','2026-04-16 03:32:22'),(481,'351–375 siswa',351,375,100,62000,NULL,'2026-04-16 03:32:22','2026-04-16 03:32:22'),(482,'351–375 siswa',351,375,110,67000,NULL,'2026-04-16 03:32:22','2026-04-16 03:32:22'),(483,'351–375 siswa',351,375,120,70000,NULL,'2026-04-16 03:32:22','2026-04-16 03:32:22'),(484,'351–375 siswa',351,375,135,73000,NULL,'2026-04-16 03:32:22','2026-04-16 03:32:22'),(485,'351–375 siswa',351,375,150,76000,NULL,'2026-04-16 03:32:22','2026-04-16 03:32:22'),(486,'351–375 siswa',351,375,160,79000,NULL,'2026-04-16 03:32:22','2026-04-16 03:32:22'),(487,'376–400 siswa',376,400,30,31000,NULL,'2026-04-16 03:32:22','2026-04-16 03:32:22'),(488,'376–400 siswa',376,400,45,38000,NULL,'2026-04-16 03:32:22','2026-04-16 03:32:22'),(489,'376–400 siswa',376,400,60,42000,NULL,'2026-04-16 03:32:22','2026-04-16 03:32:22'),(490,'376–400 siswa',376,400,65,45000,NULL,'2026-04-16 03:32:22','2026-04-16 03:32:22'),(491,'376–400 siswa',376,400,75,49000,NULL,'2026-04-16 03:32:22','2026-04-16 03:32:22'),(492,'376–400 siswa',376,400,80,49000,NULL,'2026-04-16 03:32:22','2026-04-16 03:32:22'),(493,'376–400 siswa',376,400,90,53000,NULL,'2026-04-16 03:32:22','2026-04-16 03:32:22'),(494,'376–400 siswa',376,400,100,58000,NULL,'2026-04-16 03:32:22','2026-04-16 03:32:22'),(495,'376–400 siswa',376,400,110,63000,NULL,'2026-04-16 03:32:22','2026-04-16 03:32:22'),(496,'376–400 siswa',376,400,120,66000,NULL,'2026-04-16 03:32:22','2026-04-16 03:32:22'),(497,'376–400 siswa',376,400,135,69000,NULL,'2026-04-16 03:32:22','2026-04-16 03:32:22'),(498,'376–400 siswa',376,400,150,72000,NULL,'2026-04-16 03:32:22','2026-04-16 03:32:22'),(499,'376–400 siswa',376,400,160,75000,NULL,'2026-04-16 03:32:22','2026-04-16 03:32:22'),(500,'401–425 siswa',401,425,30,30000,NULL,'2026-04-16 03:32:22','2026-04-16 03:32:22'),(501,'401–425 siswa',401,425,45,36000,NULL,'2026-04-16 03:32:22','2026-04-16 03:32:22'),(502,'401–425 siswa',401,425,60,40000,NULL,'2026-04-16 03:32:22','2026-04-16 03:32:22'),(503,'401–425 siswa',401,425,65,42000,NULL,'2026-04-16 03:32:22','2026-04-16 03:32:22'),(504,'401–425 siswa',401,425,75,46000,NULL,'2026-04-16 03:32:22','2026-04-16 03:32:22'),(505,'401–425 siswa',401,425,80,46000,NULL,'2026-04-16 03:32:22','2026-04-16 03:32:22'),(506,'401–425 siswa',401,425,90,50000,NULL,'2026-04-16 03:32:22','2026-04-16 03:32:22'),(507,'401–425 siswa',401,425,100,55000,NULL,'2026-04-16 03:32:22','2026-04-16 03:32:22'),(508,'401–425 siswa',401,425,110,60000,NULL,'2026-04-16 03:32:22','2026-04-16 03:32:22'),(509,'401–425 siswa',401,425,120,62000,NULL,'2026-04-16 03:32:22','2026-04-16 03:32:22'),(510,'401–425 siswa',401,425,135,65000,NULL,'2026-04-16 03:32:22','2026-04-16 03:32:22'),(511,'401–425 siswa',401,425,150,68000,NULL,'2026-04-16 03:32:22','2026-04-16 03:32:22'),(512,'401–425 siswa',401,425,160,71000,NULL,'2026-04-16 03:32:22','2026-04-16 03:32:22'),(513,'426–450 siswa',426,450,30,28000,NULL,'2026-04-16 03:32:22','2026-04-16 03:32:22'),(514,'426–450 siswa',426,450,45,34000,NULL,'2026-04-16 03:32:22','2026-04-16 03:32:22'),(515,'426–450 siswa',426,450,60,38000,NULL,'2026-04-16 03:32:22','2026-04-16 03:32:22'),(516,'426–450 siswa',426,450,65,40000,NULL,'2026-04-16 03:32:22','2026-04-16 03:32:22'),(517,'426–450 siswa',426,450,75,44000,NULL,'2026-04-16 03:32:22','2026-04-16 03:32:22'),(518,'426–450 siswa',426,450,80,44000,NULL,'2026-04-16 03:32:22','2026-04-16 03:32:22'),(519,'426–450 siswa',426,450,90,48000,NULL,'2026-04-16 03:32:22','2026-04-16 03:32:22'),(520,'426–450 siswa',426,450,100,52000,NULL,'2026-04-16 03:32:22','2026-04-16 03:32:22'),(521,'426–450 siswa',426,450,110,57000,NULL,'2026-04-16 03:32:22','2026-04-16 03:32:22'),(522,'426–450 siswa',426,450,120,59000,NULL,'2026-04-16 03:32:22','2026-04-16 03:32:22'),(523,'426–450 siswa',426,450,135,62000,NULL,'2026-04-16 03:32:22','2026-04-16 03:32:22'),(524,'426–450 siswa',426,450,150,65000,NULL,'2026-04-16 03:32:22','2026-04-16 03:32:22'),(525,'426–450 siswa',426,450,160,67000,NULL,'2026-04-16 03:32:22','2026-04-16 03:32:22'),(526,'451–475 siswa',451,475,30,27000,NULL,'2026-04-16 03:32:22','2026-04-16 03:32:22'),(527,'451–475 siswa',451,475,45,32000,NULL,'2026-04-16 03:32:22','2026-04-16 03:32:22'),(528,'451–475 siswa',451,475,60,36000,NULL,'2026-04-16 03:32:22','2026-04-16 03:32:22'),(529,'451–475 siswa',451,475,65,38000,NULL,'2026-04-16 03:32:22','2026-04-16 03:32:22'),(530,'451–475 siswa',451,475,75,42000,NULL,'2026-04-16 03:32:22','2026-04-16 03:32:22'),(531,'451–475 siswa',451,475,80,42000,NULL,'2026-04-16 03:32:22','2026-04-16 03:32:22'),(532,'451–475 siswa',451,475,90,45000,NULL,'2026-04-16 03:32:22','2026-04-16 03:32:22'),(533,'451–475 siswa',451,475,100,50000,NULL,'2026-04-16 03:32:22','2026-04-16 03:32:22'),(534,'451–475 siswa',451,475,110,54000,NULL,'2026-04-16 03:32:22','2026-04-16 03:32:22'),(535,'451–475 siswa',451,475,120,56000,NULL,'2026-04-16 03:32:22','2026-04-16 03:32:22'),(536,'451–475 siswa',451,475,135,59000,NULL,'2026-04-16 03:32:22','2026-04-16 03:32:22'),(537,'451–475 siswa',451,475,150,62000,NULL,'2026-04-16 03:32:22','2026-04-16 03:32:22'),(538,'451–475 siswa',451,475,160,64000,NULL,'2026-04-16 03:32:22','2026-04-16 03:32:22'),(539,'476–500 siswa',476,500,30,26000,NULL,'2026-04-16 03:32:22','2026-04-16 03:32:22'),(540,'476–500 siswa',476,500,45,31000,NULL,'2026-04-16 03:32:22','2026-04-16 03:32:22'),(541,'476–500 siswa',476,500,60,34000,NULL,'2026-04-16 03:32:22','2026-04-16 03:32:22'),(542,'476–500 siswa',476,500,65,36000,NULL,'2026-04-16 03:32:22','2026-04-16 03:32:22'),(543,'476–500 siswa',476,500,75,40000,NULL,'2026-04-16 03:32:22','2026-04-16 03:32:22'),(544,'476–500 siswa',476,500,80,40000,NULL,'2026-04-16 03:32:22','2026-04-16 03:32:22'),(545,'476–500 siswa',476,500,90,43000,NULL,'2026-04-16 03:32:22','2026-04-16 03:32:22'),(546,'476–500 siswa',476,500,100,47000,NULL,'2026-04-16 03:32:22','2026-04-16 03:32:22'),(547,'476–500 siswa',476,500,110,51000,NULL,'2026-04-16 03:32:22','2026-04-16 03:32:22'),(548,'476–500 siswa',476,500,120,53000,NULL,'2026-04-16 03:32:22','2026-04-16 03:32:22'),(549,'476–500 siswa',476,500,135,56000,NULL,'2026-04-16 03:32:22','2026-04-16 03:32:22'),(550,'476–500 siswa',476,500,150,59000,NULL,'2026-04-16 03:32:22','2026-04-16 03:32:22'),(551,'476–500 siswa',476,500,160,61000,NULL,'2026-04-16 03:32:22','2026-04-16 03:32:22');
/*!40000 ALTER TABLE `cetak_base` ENABLE KEYS */;
UNLOCK TABLES;

--
-- Table structure for table `cetak_factors`
--

DROP TABLE IF EXISTS `cetak_factors`;
/*!40101 SET @saved_cs_client     = @@character_set_client */;
/*!40101 SET character_set_client = utf8mb4 */;
CREATE TABLE `cetak_factors` (
  `id` int(11) NOT NULL AUTO_INCREMENT,
  `package_type` enum('handy','minimal','large') NOT NULL,
  `factor` decimal(5,3) NOT NULL,
  `description` varchar(200) DEFAULT NULL,
  `updated_at` timestamp NOT NULL DEFAULT current_timestamp() ON UPDATE current_timestamp(),
  PRIMARY KEY (`id`),
  UNIQUE KEY `package_type` (`package_type`)
) ENGINE=InnoDB AUTO_INCREMENT=4 DEFAULT CHARSET=utf8mb4 COLLATE=utf8mb4_unicode_ci;
/*!40101 SET character_set_client = @saved_cs_client */;

--
-- Dumping data for table `cetak_factors`
--

LOCK TABLES `cetak_factors` WRITE;
/*!40000 ALTER TABLE `cetak_factors` DISABLE KEYS */;
INSERT INTO `cetak_factors` VALUES (1,'handy',1.000,'Faktor standar untuk Handy Book','2026-04-06 05:03:41'),(2,'minimal',0.850,'Faktor untuk Minimal Square Book','2026-04-06 05:03:41'),(3,'large',1.200,'Faktor untuk Large B4 Book','2026-04-06 05:03:41');
/*!40000 ALTER TABLE `cetak_factors` ENABLE KEYS */;
UNLOCK TABLES;

--
-- Table structure for table `fullservice_pricing`
--

DROP TABLE IF EXISTS `fullservice_pricing`;
/*!40101 SET @saved_cs_client     = @@character_set_client */;
/*!40101 SET character_set_client = utf8mb4 */;
CREATE TABLE `fullservice_pricing` (
  `id` int(11) NOT NULL AUTO_INCREMENT,
  `package_type` varchar(50) NOT NULL,
  `min_students` int(11) NOT NULL,
  `fs_type` varchar(50) DEFAULT NULL,
  `max_students` int(11) NOT NULL,
  `price_per_student` bigint(20) NOT NULL,
  `pages` int(11) DEFAULT 60,
  `active` tinyint(4) DEFAULT 1,
  `created_at` timestamp NOT NULL DEFAULT current_timestamp(),
  `updated_at` timestamp NOT NULL DEFAULT current_timestamp() ON UPDATE current_timestamp(),
  PRIMARY KEY (`id`),
  KEY `idx_package` (`package_type`),
  KEY `idx_students` (`min_students`,`max_students`),
  KEY `idx_active` (`active`)
) ENGINE=InnoDB AUTO_INCREMENT=172 DEFAULT CHARSET=utf8mb4 COLLATE=utf8mb4_unicode_ci;
/*!40101 SET character_set_client = @saved_cs_client */;

--
-- Dumping data for table `fullservice_pricing`
--

LOCK TABLES `fullservice_pricing` WRITE;
/*!40000 ALTER TABLE `fullservice_pricing` DISABLE KEYS */;
INSERT INTO `fullservice_pricing` VALUES (115,'handy',30,NULL,50,465000,30,1,'2026-04-16 03:12:16','2026-04-16 03:12:16'),(116,'handy',51,NULL,75,415000,30,1,'2026-04-16 03:12:16','2026-04-16 03:12:16'),(117,'handy',76,NULL,100,370000,45,1,'2026-04-16 03:12:16','2026-04-16 03:12:16'),(118,'handy',101,NULL,125,350000,55,1,'2026-04-16 03:12:16','2026-04-16 03:12:16'),(119,'handy',126,NULL,150,335000,60,1,'2026-04-16 03:12:16','2026-04-16 03:12:16'),(120,'handy',151,NULL,175,315000,65,1,'2026-04-16 03:12:16','2026-04-16 03:12:16'),(121,'handy',176,NULL,200,295000,75,1,'2026-04-16 03:12:16','2026-04-16 03:12:16'),(122,'handy',201,NULL,225,260000,80,1,'2026-04-16 03:12:16','2026-04-16 03:12:16'),(123,'handy',226,NULL,250,250000,80,1,'2026-04-16 03:12:16','2026-04-16 03:12:16'),(124,'handy',251,NULL,275,240000,90,1,'2026-04-16 03:12:16','2026-04-16 03:12:16'),(125,'handy',276,NULL,300,230000,100,1,'2026-04-16 03:12:16','2026-04-16 03:12:16'),(126,'handy',300,NULL,325,220000,100,1,'2026-04-16 03:12:16','2026-04-16 03:12:16'),(127,'handy',326,NULL,350,210000,120,1,'2026-04-16 03:12:16','2026-04-16 03:12:16'),(128,'handy',351,NULL,375,200000,120,1,'2026-04-16 03:12:16','2026-04-16 03:12:16'),(129,'handy',376,NULL,400,190000,135,1,'2026-04-16 03:12:16','2026-04-16 03:12:16'),(130,'handy',401,NULL,425,185000,135,1,'2026-04-16 03:12:16','2026-04-16 03:12:16'),(131,'handy',426,NULL,450,165000,145,1,'2026-04-16 03:12:16','2026-04-16 03:12:16'),(132,'handy',451,NULL,475,175000,150,1,'2026-04-16 03:12:16','2026-04-16 03:12:16'),(133,'handy',476,NULL,500,150000,160,1,'2026-04-16 03:12:16','2026-04-16 03:12:16'),(134,'minimal',30,NULL,50,450000,30,1,'2026-04-16 03:12:16','2026-04-16 03:12:16'),(135,'minimal',51,NULL,75,400000,30,1,'2026-04-16 03:12:16','2026-04-16 03:12:16'),(136,'minimal',76,NULL,100,355000,45,1,'2026-04-16 03:12:16','2026-04-16 03:12:16'),(137,'minimal',101,NULL,125,335000,55,1,'2026-04-16 03:12:16','2026-04-16 03:12:16'),(138,'minimal',126,NULL,150,320000,60,1,'2026-04-16 03:12:16','2026-04-16 03:12:16'),(139,'minimal',151,NULL,175,300000,65,1,'2026-04-16 03:12:16','2026-04-16 03:12:16'),(140,'minimal',176,NULL,200,280000,75,1,'2026-04-16 03:12:16','2026-04-16 03:12:16'),(141,'minimal',201,NULL,225,245000,80,1,'2026-04-16 03:12:16','2026-04-16 03:12:16'),(142,'minimal',226,NULL,250,235000,80,1,'2026-04-16 03:12:16','2026-04-16 03:12:16'),(143,'minimal',251,NULL,275,240000,90,1,'2026-04-16 03:12:16','2026-04-16 03:12:16'),(144,'minimal',276,NULL,300,215000,100,1,'2026-04-16 03:12:16','2026-04-16 03:12:16'),(145,'minimal',300,NULL,325,205000,100,1,'2026-04-16 03:12:16','2026-04-16 03:12:16'),(146,'minimal',326,NULL,350,195000,120,1,'2026-04-16 03:12:16','2026-04-16 03:12:16'),(147,'minimal',351,NULL,375,185000,120,1,'2026-04-16 03:12:16','2026-04-16 03:12:16'),(148,'minimal',376,NULL,400,180000,135,1,'2026-04-16 03:12:16','2026-04-16 03:12:16'),(149,'minimal',401,NULL,425,170000,135,1,'2026-04-16 03:12:16','2026-04-16 03:12:16'),(150,'minimal',426,NULL,450,160000,145,1,'2026-04-16 03:12:16','2026-04-16 03:12:16'),(151,'minimal',451,NULL,475,150000,150,1,'2026-04-16 03:12:16','2026-04-16 03:12:16'),(152,'minimal',476,NULL,500,140000,160,1,'2026-04-16 03:12:16','2026-04-16 03:12:16'),(153,'large',30,NULL,50,480000,30,1,'2026-04-16 03:12:16','2026-04-16 03:12:16'),(154,'large',51,NULL,75,430000,30,1,'2026-04-16 03:12:16','2026-04-16 03:12:16'),(155,'large',76,NULL,100,405000,45,1,'2026-04-16 03:12:16','2026-04-16 03:12:16'),(156,'large',101,NULL,125,365000,55,1,'2026-04-16 03:12:16','2026-04-16 03:12:16'),(157,'large',126,NULL,150,350000,60,1,'2026-04-16 03:12:16','2026-04-16 03:12:16'),(158,'large',151,NULL,175,330000,65,1,'2026-04-16 03:12:16','2026-04-16 03:12:16'),(159,'large',176,NULL,200,310000,75,1,'2026-04-16 03:12:16','2026-04-16 03:12:16'),(160,'large',201,NULL,225,275000,80,1,'2026-04-16 03:12:16','2026-04-16 03:12:16'),(161,'large',226,NULL,250,265000,80,1,'2026-04-16 03:12:16','2026-04-16 03:12:16'),(162,'large',251,NULL,275,255000,90,1,'2026-04-16 03:12:16','2026-04-16 03:12:16'),(163,'large',276,NULL,300,245000,100,1,'2026-04-16 03:12:16','2026-04-16 03:12:16'),(164,'large',300,NULL,325,235000,100,1,'2026-04-16 03:12:16','2026-04-16 03:12:16'),(165,'large',326,NULL,350,225000,120,1,'2026-04-16 03:12:16','2026-04-16 03:12:16'),(166,'large',351,NULL,375,215000,120,1,'2026-04-16 03:12:16','2026-04-16 03:12:16'),(167,'large',376,NULL,400,205000,135,1,'2026-04-16 03:12:16','2026-04-16 03:12:16'),(168,'large',401,NULL,425,195000,135,1,'2026-04-16 03:12:16','2026-04-16 03:12:16'),(169,'large',426,NULL,450,175000,145,1,'2026-04-16 03:12:16','2026-04-16 03:12:16'),(170,'large',451,NULL,475,165000,150,1,'2026-04-16 03:12:16','2026-04-16 03:12:16'),(171,'large',476,NULL,500,155000,160,1,'2026-04-16 03:12:16','2026-04-16 03:12:16');
/*!40000 ALTER TABLE `fullservice_pricing` ENABLE KEYS */;
UNLOCK TABLES;

--
-- Table structure for table `graduation_addons`
--

DROP TABLE IF EXISTS `graduation_addons`;
/*!40101 SET @saved_cs_client     = @@character_set_client */;
/*!40101 SET character_set_client = utf8mb4 */;
CREATE TABLE `graduation_addons` (
  `id` int(11) NOT NULL AUTO_INCREMENT,
  `addon_key` varchar(50) NOT NULL,
  `name` varchar(150) NOT NULL,
  `price` int(11) NOT NULL,
  `addon_type` enum('addon','cetak','service') NOT NULL DEFAULT 'addon',
  `unit` varchar(50) DEFAULT NULL,
  `description` text DEFAULT NULL,
  `created_at` timestamp NOT NULL DEFAULT current_timestamp(),
  `updated_at` timestamp NOT NULL DEFAULT current_timestamp() ON UPDATE current_timestamp(),
  PRIMARY KEY (`id`),
  UNIQUE KEY `addon_key` (`addon_key`)
) ENGINE=InnoDB AUTO_INCREMENT=40 DEFAULT CHARSET=utf8mb4 COLLATE=utf8mb4_unicode_ci;
/*!40101 SET character_set_client = @saved_cs_client */;

--
-- Dumping data for table `graduation_addons`
--

LOCK TABLES `graduation_addons` WRITE;
/*!40000 ALTER TABLE `graduation_addons` DISABLE KEYS */;
INSERT INTO `graduation_addons` VALUES (36,'gbooth_add','Tambah 1 Jam Photobooth/360',500000,'addon',NULL,NULL,'2026-04-16 04:35:44','2026-04-16 04:35:44'),(37,'gphoto_add','Tambah 1 Fotografer',1250000,'addon',NULL,NULL,'2026-04-16 04:35:44','2026-04-16 04:35:44'),(38,'gvideo_add','Tambah 1 Videografer',1100000,'addon',NULL,NULL,'2026-04-16 04:35:44','2026-04-16 04:35:44'),(39,'gwork_add','Tambah 1 Jam Kerja/Orang',350000,'addon',NULL,NULL,'2026-04-16 04:35:44','2026-04-16 04:35:44');
/*!40000 ALTER TABLE `graduation_addons` ENABLE KEYS */;
UNLOCK TABLES;

--
-- Table structure for table `graduation_cetak`
--

DROP TABLE IF EXISTS `graduation_cetak`;
/*!40101 SET @saved_cs_client     = @@character_set_client */;
/*!40101 SET character_set_client = utf8mb4 */;
CREATE TABLE `graduation_cetak` (
  `id` int(11) NOT NULL AUTO_INCREMENT,
  `cetak_key` varchar(50) NOT NULL,
  `name` varchar(100) NOT NULL,
  `price_per_unit` bigint(20) NOT NULL,
  `description` varchar(255) DEFAULT NULL,
  `active` tinyint(4) DEFAULT 1,
  `created_at` timestamp NOT NULL DEFAULT current_timestamp(),
  `updated_at` timestamp NOT NULL DEFAULT current_timestamp() ON UPDATE current_timestamp(),
  PRIMARY KEY (`id`),
  UNIQUE KEY `cetak_key` (`cetak_key`),
  KEY `idx_active` (`active`)
) ENGINE=InnoDB AUTO_INCREMENT=29 DEFAULT CHARSET=utf8mb4 COLLATE=utf8mb4_unicode_ci;
/*!40101 SET character_set_client = @saved_cs_client */;

--
-- Dumping data for table `graduation_cetak`
--

LOCK TABLES `graduation_cetak` WRITE;
/*!40000 ALTER TABLE `graduation_cetak` DISABLE KEYS */;
INSERT INTO `graduation_cetak` VALUES (25,'g4r','Cetak Foto 4R',4000,NULL,1,'2026-04-16 04:35:44','2026-04-16 04:35:44'),(26,'g8r','Cetak Foto 8R',8000,NULL,1,'2026-04-16 04:35:44','2026-04-16 04:35:44'),(27,'g10r','Cetak Foto 10R',15000,NULL,1,'2026-04-16 04:35:44','2026-04-16 04:35:44'),(28,'g12r','Cetak Foto 12R',20000,NULL,1,'2026-04-16 04:35:44','2026-04-16 04:35:44');
/*!40000 ALTER TABLE `graduation_cetak` ENABLE KEYS */;
UNLOCK TABLES;

--
-- Table structure for table `overhead`
--

DROP TABLE IF EXISTS `overhead`;
/*!40101 SET @saved_cs_client     = @@character_set_client */;
/*!40101 SET character_set_client = utf8mb4 */;
CREATE TABLE `overhead` (
  `id` int(11) NOT NULL AUTO_INCREMENT,
  `category` varchar(100) NOT NULL,
  `amount` int(11) NOT NULL DEFAULT 0,
  `description` text DEFAULT NULL,
  `created_at` timestamp NOT NULL DEFAULT current_timestamp(),
  `updated_at` timestamp NOT NULL DEFAULT current_timestamp() ON UPDATE current_timestamp(),
  PRIMARY KEY (`id`),
  UNIQUE KEY `category` (`category`)
) ENGINE=InnoDB AUTO_INCREMENT=160 DEFAULT CHARSET=utf8mb4 COLLATE=utf8mb4_unicode_ci;
/*!40101 SET character_set_client = @saved_cs_client */;

--
-- Dumping data for table `overhead`
--

LOCK TABLES `overhead` WRITE;
/*!40000 ALTER TABLE `overhead` DISABLE KEYS */;
INSERT INTO `overhead` VALUES (153,'designer',22000000,NULL,'2026-04-16 04:13:11','2026-04-16 04:13:11'),(154,'marketing',15000000,NULL,'2026-04-16 04:13:11','2026-04-16 04:13:11'),(155,'creative',8000000,NULL,'2026-04-16 04:13:11','2026-04-16 04:13:11'),(156,'pm',8000000,NULL,'2026-04-16 04:13:11','2026-04-16 04:13:11'),(157,'sosmed',7000000,NULL,'2026-04-16 04:13:11','2026-04-16 04:13:11'),(158,'freelance',4000000,NULL,'2026-04-16 04:13:11','2026-04-16 04:13:11'),(159,'operasional',13786700,NULL,'2026-04-16 04:13:11','2026-04-16 04:13:11');
/*!40000 ALTER TABLE `overhead` ENABLE KEYS */;
UNLOCK TABLES;

--
-- Table structure for table `overhead_total`
--

DROP TABLE IF EXISTS `overhead_total`;
/*!40101 SET @saved_cs_client     = @@character_set_client */;
/*!40101 SET character_set_client = utf8mb4 */;
CREATE TABLE `overhead_total` (
  `id` int(11) NOT NULL AUTO_INCREMENT,
  `total_amount` bigint(20) NOT NULL DEFAULT 0,
  `updated_at` timestamp NOT NULL DEFAULT current_timestamp() ON UPDATE current_timestamp(),
  PRIMARY KEY (`id`)
) ENGINE=InnoDB AUTO_INCREMENT=3 DEFAULT CHARSET=utf8mb4 COLLATE=utf8mb4_unicode_ci;
/*!40101 SET character_set_client = @saved_cs_client */;

--
-- Dumping data for table `overhead_total`
--

LOCK TABLES `overhead_total` WRITE;
/*!40000 ALTER TABLE `overhead_total` DISABLE KEYS */;
INSERT INTO `overhead_total` VALUES (2,76786700,'2026-04-16 03:12:16');
/*!40000 ALTER TABLE `overhead_total` ENABLE KEYS */;
UNLOCK TABLES;

--
-- Table structure for table `packages_alacarte`
--

DROP TABLE IF EXISTS `packages_alacarte`;
/*!40101 SET @saved_cs_client     = @@character_set_client */;
/*!40101 SET character_set_client = utf8mb4 */;
CREATE TABLE `packages_alacarte` (
  `id` int(11) NOT NULL AUTO_INCREMENT,
  `code` varchar(50) NOT NULL,
  `name` varchar(150) NOT NULL,
  `description` text DEFAULT NULL,
  `price_type` enum('per_siswa','flat_range','flat_fixed') NOT NULL,
  `price_min` int(11) DEFAULT NULL,
  `price_max` int(11) DEFAULT NULL,
  `factor` decimal(5,3) DEFAULT NULL,
  `margin_target` varchar(20) DEFAULT NULL,
  `includes` longtext CHARACTER SET utf8mb4 COLLATE utf8mb4_bin DEFAULT NULL,
  `excludes` longtext CHARACTER SET utf8mb4 COLLATE utf8mb4_bin DEFAULT NULL,
  `display_order` int(11) DEFAULT 0,
  `is_featured` tinyint(1) DEFAULT 0,
  `created_at` timestamp NOT NULL DEFAULT current_timestamp(),
  `updated_at` timestamp NOT NULL DEFAULT current_timestamp() ON UPDATE current_timestamp(),
  PRIMARY KEY (`id`),
  UNIQUE KEY `code` (`code`)
) ENGINE=InnoDB AUTO_INCREMENT=18 DEFAULT CHARSET=utf8mb4 COLLATE=utf8mb4_unicode_ci;
/*!40101 SET character_set_client = @saved_cs_client */;

--
-- Dumping data for table `packages_alacarte`
--

LOCK TABLES `packages_alacarte` WRITE;
/*!40000 ALTER TABLE `packages_alacarte` DISABLE KEYS */;
INSERT INTO `packages_alacarte` VALUES (1,'ebook','E-Book Package','Foto+Editing+Desain, output file digital. Tanpa cetak fisik.','per_siswa',NULL,NULL,0.680,'62–68%',NULL,NULL,0,1,'2026-04-06 05:02:47','2026-04-06 05:02:47'),(3,'editcetak','Edit+Desain+Cetak','Klien bawa foto sendiri. Parama handle editing, layout, cetak & kirim.','per_siswa',NULL,NULL,0.580,'55–62%',NULL,NULL,0,0,'2026-04-06 05:03:41','2026-04-06 05:03:41'),(4,'fotohalf','Foto Only (½ Hari)','Sesi foto max ~75 siswa. Fotografer + fashion stylist.','flat_range',3500000,5000000,NULL,'55–65%',NULL,NULL,0,0,'2026-04-06 05:03:41','2026-04-06 05:03:41'),(5,'fotofull','Foto Only (Full Day)','Sesi foto 76–150+ siswa. Full team seharian.','flat_range',6000000,9000000,NULL,'55–65%',NULL,NULL,0,0,'2026-04-06 05:03:41','2026-04-06 05:03:41'),(6,'videodrone','Drone Video','Video drone 1–2 menit.','flat_fixed',1500000,1500000,NULL,NULL,NULL,NULL,0,0,'2026-04-06 05:03:41','2026-04-06 05:03:41'),(7,'videodoc','Docudrama Video','Video cerita angkatan 5–10 menit.','flat_fixed',3000000,3000000,NULL,NULL,NULL,NULL,0,0,'2026-04-06 05:03:41','2026-04-06 05:03:41'),(8,'desain','Desain Only','Klien bawa semua konten. Parama hanya layout buku.','per_siswa',NULL,NULL,0.550,'55–65%',NULL,NULL,0,0,'2026-04-06 05:03:41','2026-04-06 05:03:41'),(9,'cetakonly','Cetak Only','Klien sudah punya file siap cetak. Parama cetak & kirim saja.','per_siswa',NULL,NULL,0.350,'30–45%',NULL,NULL,0,0,'2026-04-06 05:03:41','2026-04-06 05:03:41');
/*!40000 ALTER TABLE `packages_alacarte` ENABLE KEYS */;
UNLOCK TABLES;

--
-- Table structure for table `packages_fullservice`
--

DROP TABLE IF EXISTS `packages_fullservice`;
/*!40101 SET @saved_cs_client     = @@character_set_client */;
/*!40101 SET character_set_client = utf8mb4 */;
CREATE TABLE `packages_fullservice` (
  `id` int(11) NOT NULL AUTO_INCREMENT,
  `package_type` enum('handy','minimal','large') NOT NULL,
  `min_students` int(11) NOT NULL,
  `max_students` int(11) NOT NULL,
  `price_per_book` int(11) NOT NULL,
  `max_pages` int(11) NOT NULL,
  `created_at` timestamp NOT NULL DEFAULT current_timestamp(),
  `updated_at` timestamp NOT NULL DEFAULT current_timestamp() ON UPDATE current_timestamp(),
  PRIMARY KEY (`id`),
  UNIQUE KEY `type_range` (`package_type`,`min_students`),
  KEY `idx_fs_type` (`package_type`)
) ENGINE=InnoDB AUTO_INCREMENT=37 DEFAULT CHARSET=utf8mb4 COLLATE=utf8mb4_unicode_ci;
/*!40101 SET character_set_client = @saved_cs_client */;

--
-- Dumping data for table `packages_fullservice`
--

LOCK TABLES `packages_fullservice` WRITE;
/*!40000 ALTER TABLE `packages_fullservice` DISABLE KEYS */;
INSERT INTO `packages_fullservice` VALUES (1,'handy',30,50,465000,30,'2026-04-16 03:12:16','2026-04-16 03:12:16'),(2,'handy',51,75,415000,30,'2026-04-16 03:12:16','2026-04-16 03:12:16'),(3,'handy',76,100,370000,45,'2026-04-16 03:12:16','2026-04-16 03:12:16'),(4,'handy',101,125,350000,55,'2026-04-16 03:12:16','2026-04-16 03:12:16'),(5,'handy',126,150,335000,60,'2026-04-16 03:12:16','2026-04-16 03:12:16'),(6,'handy',151,175,315000,65,'2026-04-16 03:12:16','2026-04-16 03:12:16'),(7,'handy',176,200,295000,75,'2026-04-16 03:12:16','2026-04-16 03:12:16'),(8,'handy',201,225,260000,80,'2026-04-16 03:12:16','2026-04-16 03:12:16'),(9,'handy',226,250,250000,80,'2026-04-16 03:12:16','2026-04-16 03:12:16'),(10,'handy',251,275,240000,90,'2026-04-16 03:12:16','2026-04-16 03:12:16'),(11,'handy',276,300,230000,100,'2026-04-16 03:12:16','2026-04-16 03:12:16'),(12,'handy',300,325,220000,100,'2026-04-16 03:12:16','2026-04-16 03:12:16'),(13,'handy',326,350,210000,120,'2026-04-16 03:12:16','2026-04-16 03:12:16'),(14,'handy',351,375,200000,120,'2026-04-16 03:12:16','2026-04-16 03:12:16'),(15,'handy',376,400,190000,135,'2026-04-16 03:12:16','2026-04-16 03:12:16'),(16,'handy',401,425,185000,135,'2026-04-16 03:12:16','2026-04-16 03:12:16'),(17,'handy',426,450,165000,145,'2026-04-16 03:12:16','2026-04-16 03:12:16'),(18,'handy',451,475,175000,150,'2026-04-16 03:12:16','2026-04-16 03:12:16'),(19,'handy',476,500,150000,160,'2026-04-16 03:12:16','2026-04-16 03:12:16'),(20,'minimal',30,50,450000,30,'2026-04-16 03:12:16','2026-04-16 03:12:16'),(21,'minimal',51,75,400000,30,'2026-04-16 03:12:16','2026-04-16 03:12:16'),(22,'minimal',76,100,355000,45,'2026-04-16 03:12:16','2026-04-16 03:12:16'),(23,'minimal',101,125,335000,55,'2026-04-16 03:12:16','2026-04-16 03:12:16'),(24,'minimal',126,150,320000,60,'2026-04-16 03:12:16','2026-04-16 03:12:16'),(25,'minimal',151,175,300000,65,'2026-04-16 03:12:16','2026-04-16 03:12:16'),(26,'minimal',176,200,280000,75,'2026-04-16 03:12:16','2026-04-16 03:12:16'),(27,'minimal',201,225,245000,80,'2026-04-16 03:12:16','2026-04-16 03:12:16'),(28,'minimal',226,250,235000,80,'2026-04-16 03:12:16','2026-04-16 03:12:16'),(29,'minimal',251,275,240000,90,'2026-04-16 03:12:16','2026-04-16 03:12:16'),(30,'minimal',276,300,215000,100,'2026-04-16 03:12:16','2026-04-16 03:12:16'),(31,'minimal',300,325,205000,100,'2026-04-16 03:12:16','2026-04-16 03:12:16'),(32,'minimal',326,350,195000,120,'2026-04-16 03:12:16','2026-04-16 03:12:16'),(33,'minimal',351,375,185000,120,'2026-04-16 03:12:16','2026-04-16 03:12:16'),(34,'minimal',376,400,180000,135,'2026-04-16 03:12:16','2026-04-16 03:12:16'),(35,'minimal',401,425,170000,135,'2026-04-16 03:12:16','2026-04-16 03:12:16'),(36,'minimal',426,450,160000,145,'2026-04-16 03:12:16','2026-04-16 03:12:16'),(37,'minimal',451,475,150000,150,'2026-04-16 03:12:16','2026-04-16 03:12:16'),(38,'minimal',476,500,140000,160,'2026-04-16 03:12:16','2026-04-16 03:12:16'),(39,'large',30,50,480000,30,'2026-04-16 03:12:16','2026-04-16 03:12:16'),(40,'large',51,75,430000,30,'2026-04-16 03:12:16','2026-04-16 03:12:16'),(41,'large',76,100,405000,45,'2026-04-16 03:12:16','2026-04-16 03:12:16'),(42,'large',101,125,365000,55,'2026-04-16 03:12:16','2026-04-16 03:12:16'),(43,'large',126,150,350000,60,'2026-04-16 03:12:16','2026-04-16 03:12:16'),(44,'large',151,175,330000,65,'2026-04-16 03:12:16','2026-04-16 03:12:16'),(45,'large',176,200,310000,75,'2026-04-16 03:12:16','2026-04-16 03:12:16'),(46,'large',201,225,275000,80,'2026-04-16 03:12:16','2026-04-16 03:12:16'),(47,'large',226,250,265000,80,'2026-04-16 03:12:16','2026-04-16 03:12:16'),(48,'large',251,275,255000,90,'2026-04-16 03:12:16','2026-04-16 03:12:16'),(49,'large',276,300,245000,100,'2026-04-16 03:12:16','2026-04-16 03:12:16'),(50,'large',300,325,235000,100,'2026-04-16 03:12:16','2026-04-16 03:12:16'),(51,'large',326,350,225000,120,'2026-04-16 03:12:16','2026-04-16 03:12:16'),(52,'large',351,375,215000,120,'2026-04-16 03:12:16','2026-04-16 03:12:16'),(53,'large',376,400,205000,135,'2026-04-16 03:12:16','2026-04-16 03:12:16'),(54,'large',401,425,195000,135,'2026-04-16 03:12:16','2026-04-16 03:12:16'),(55,'large',426,450,175000,145,'2026-04-16 03:12:16','2026-04-16 03:12:16'),(56,'large',451,475,165000,150,'2026-04-16 03:12:16','2026-04-16 03:12:16'),(57,'large',476,500,155000,160,'2026-04-16 03:12:16','2026-04-16 03:12:16');
/*!40000 ALTER TABLE `packages_fullservice` ENABLE KEYS */;
UNLOCK TABLES;

--
-- Table structure for table `packages_graduation`
--

DROP TABLE IF EXISTS `packages_graduation`;
/*!40101 SET @saved_cs_client     = @@character_set_client */;
/*!40101 SET character_set_client = utf8mb4 */;
CREATE TABLE `packages_graduation` (
  `id` int(11) NOT NULL AUTO_INCREMENT,
  `package_key` varchar(50) NOT NULL,
  `name` varchar(150) NOT NULL,
  `desc` text DEFAULT NULL,
  `color` varchar(50) DEFAULT NULL,
  `price` int(11) NOT NULL,
  `color_scheme` varchar(50) DEFAULT NULL,
  `is_featured` tinyint(1) DEFAULT 0,
  `transport_included` varchar(100) DEFAULT NULL,
  `display_order` int(11) DEFAULT 0,
  `created_at` timestamp NOT NULL DEFAULT current_timestamp(),
  `updated_at` timestamp NOT NULL DEFAULT current_timestamp() ON UPDATE current_timestamp(),
  PRIMARY KEY (`id`),
  UNIQUE KEY `package_key` (`package_key`),
  KEY `idx_grad_pkg` (`package_key`)
) ENGINE=InnoDB AUTO_INCREMENT=55 DEFAULT CHARSET=utf8mb4 COLLATE=utf8mb4_unicode_ci;
/*!40101 SET character_set_client = @saved_cs_client */;

--
-- Dumping data for table `packages_graduation`
--

LOCK TABLES `packages_graduation` WRITE;
/*!40000 ALTER TABLE `packages_graduation` DISABLE KEYS */;
INSERT INTO `packages_graduation` VALUES (49,'gphv','Photo & Video','2 Fotografer + 1 Videografer, 50 foto edited, video cinematic 2–4 mnt, G-Drive, 4 jam coverage, transport jabodetabek','',4800000,NULL,0,NULL,0,'2026-04-16 04:35:44','2026-04-16 04:35:44'),(50,'gvideo','Video Only','1 Videografer, video cinematic 2–5 mnt, G-Drive, 4 jam coverage, transport jabodetabek','',2000000,NULL,0,NULL,1,'2026-04-16 04:35:44','2026-04-16 04:35:44'),(51,'gphoto','Photo Only','2 Fotografer, 100 foto edited, G-Drive, 4 jam coverage, transport jabodetabek','',2750000,NULL,0,NULL,2,'2026-04-16 04:35:44','2026-04-16 04:35:44'),(52,'gbooth','Photo Booth','1–2 Crew profesional, backdrop wisuda, lighting studio, Selfiebox Machine, unlimited print 4R, max 3 jam, softcopy + QR Code realtime, transport jabodetabek','',3850000,NULL,0,NULL,3,'2026-04-16 04:35:44','2026-04-16 04:35:44'),(53,'g360','Glamation 360°','1–2 Crew profesional, MP4, LCD 50in preview, GoPro/iPhone 12 Pro, overlay design free, max 3 jam, QR Code realtime, transport jabodetabek','',4100000,NULL,0,NULL,4,'2026-04-16 04:35:44','2026-04-16 04:35:44'),(54,'gcomplete','Complete Package','Photo (2 foto, 100 edited) + Video (1 videografer, cinematic 2–4 mnt) + Photo Booth (unlimited print 4R, max 3 jam, QR Code), transport jabodetabek','',7750000,NULL,0,NULL,5,'2026-04-16 04:35:44','2026-04-16 04:35:44');
/*!40000 ALTER TABLE `packages_graduation` ENABLE KEYS */;
UNLOCK TABLES;

--
-- Table structure for table `payment_terms`
--

DROP TABLE IF EXISTS `payment_terms`;
/*!40101 SET @saved_cs_client     = @@character_set_client */;
/*!40101 SET character_set_client = utf8mb4 */;
CREATE TABLE `payment_terms` (
  `id` int(11) NOT NULL AUTO_INCREMENT,
  `term_key` varchar(50) DEFAULT NULL,
  `term_name` varchar(100) NOT NULL,
  `description` text DEFAULT NULL,
  `deposit` int(11) DEFAULT 0,
  `color` varchar(50) DEFAULT NULL,
  `active` tinyint(4) DEFAULT 1,
  `created_at` timestamp NOT NULL DEFAULT current_timestamp(),
  `updated_at` timestamp NOT NULL DEFAULT current_timestamp() ON UPDATE current_timestamp(),
  PRIMARY KEY (`id`),
  UNIQUE KEY `term_name` (`term_name`),
  KEY `idx_active` (`active`)
) ENGINE=InnoDB AUTO_INCREMENT=21 DEFAULT CHARSET=utf8mb4 COLLATE=utf8mb4_unicode_ci;
/*!40101 SET character_set_client = @saved_cs_client */;

--
-- Dumping data for table `payment_terms`
--

LOCK TABLES `payment_terms` WRITE;
/*!40000 ALTER TABLE `payment_terms` DISABLE KEYS */;
INSERT INTO `payment_terms` VALUES (16,'pt_full','Pembayaran Penuh','Bayar 100% sebelum pekerjaan dimulai — diskon 5% untuk cash/transfer hkg',100,'#2ecc71',1,'2026-04-16 03:33:31','2026-04-16 03:33:31'),(17,'pt_dp50','DP 50% tes','Bayar 50% di awal, sisa 50% setelah serah terima. Standar untuk mayoritas klien.',50,'#3498db',1,'2026-04-16 03:33:31','2026-04-16 03:33:31'),(18,'pt_dp30','DP 30%','Bayar 30% uang muka, 40% setelah produksi, 30% sebelum pengiriman. Untuk project besar.',30,'#E74C3C',1,'2026-04-16 03:33:31','2026-04-16 03:33:31'),(19,'pt_dp20','DP 20%','Untuk klien korporat/kontrak jangka panjang. Pembayaran bertahap: 20% + 40% + 40%.',20,'#F39C12',1,'2026-04-16 03:33:31','2026-04-16 03:33:31'),(20,'pt_installment','Cicilan (4x)','4x cicilan bulanan tanpa bunga. Tersedia untuk nominal >Rp 10 juta.',25,'#9B59B6',1,'2026-04-16 03:33:31','2026-04-16 03:33:31');
/*!40000 ALTER TABLE `payment_terms` ENABLE KEYS */;
UNLOCK TABLES;

--
-- Table structure for table `penawaran`
--

DROP TABLE IF EXISTS `penawaran`;
/*!40101 SET @saved_cs_client     = @@character_set_client */;
/*!40101 SET character_set_client = utf8mb4 */;
CREATE TABLE `penawaran` (
  `id` int(11) NOT NULL AUTO_INCREMENT,
  `nama_klien` varchar(200) NOT NULL,
  `paket` varchar(200) DEFAULT '',
  `harga` bigint(20) DEFAULT 0,
  `harga_sebelum_diskon` bigint(20) DEFAULT 0,
  `jumlah_siswa` int(11) DEFAULT 0,
  `catatan` text DEFAULT NULL,
  `status` enum('pending','nego','deal','gagal') DEFAULT 'pending',
  `added_by` int(11) DEFAULT NULL,
  `created_at` timestamp NOT NULL DEFAULT current_timestamp(),
  `updated_at` timestamp NOT NULL DEFAULT current_timestamp() ON UPDATE current_timestamp(),
  PRIMARY KEY (`id`),
  KEY `added_by` (`added_by`),
  CONSTRAINT `penawaran_ibfk_1` FOREIGN KEY (`added_by`) REFERENCES `users` (`id`) ON DELETE SET NULL
) ENGINE=InnoDB AUTO_INCREMENT=5 DEFAULT CHARSET=utf8mb4 COLLATE=utf8mb4_unicode_ci;
/*!40101 SET character_set_client = @saved_cs_client */;

--
-- Dumping data for table `penawaran`
--

LOCK TABLES `penawaran` WRITE;
/*!40000 ALTER TABLE `penawaran` DISABLE KEYS */;
INSERT INTO `penawaran` VALUES (1,'sekolah SMPN 1 Tangerang','Full Service — Handy Book A4+',44500000,0,100,'','deal',NULL,'2026-04-06 02:20:30','2026-04-06 03:55:18'),(2,'Test School','Full Service - Handy',330000,350000,100,'Test penawaran','deal',NULL,'2026-04-15 22:05:27','2026-04-15 22:05:27'),(3,'smp1','Full Service — Handy Book A4+',37000000,0,100,'','nego',NULL,'2026-04-15 22:05:27','2026-04-15 22:05:27');
/*!40000 ALTER TABLE `penawaran` ENABLE KEYS */;
UNLOCK TABLES;

--
-- Table structure for table `pricing_factors`
--

DROP TABLE IF EXISTS `pricing_factors`;
/*!40101 SET @saved_cs_client     = @@character_set_client */;
/*!40101 SET character_set_client = utf8mb4 */;
CREATE TABLE `pricing_factors` (
  `id` int(11) NOT NULL AUTO_INCREMENT,
  `category` varchar(50) NOT NULL,
  `factor_name` varchar(50) NOT NULL,
  `factor_value` decimal(10,4) NOT NULL,
  `description` varchar(255) DEFAULT NULL,
  `created_at` timestamp NOT NULL DEFAULT current_timestamp(),
  `updated_at` timestamp NOT NULL DEFAULT current_timestamp() ON UPDATE current_timestamp(),
  PRIMARY KEY (`id`),
  UNIQUE KEY `unique_factor` (`category`,`factor_name`),
  KEY `idx_category` (`category`)
) ENGINE=InnoDB AUTO_INCREMENT=22 DEFAULT CHARSET=utf8mb4 COLLATE=utf8mb4_unicode_ci;
/*!40101 SET character_set_client = @saved_cs_client */;

--
-- Dumping data for table `pricing_factors`
--

LOCK TABLES `pricing_factors` WRITE;
/*!40000 ALTER TABLE `pricing_factors` DISABLE KEYS */;
INSERT INTO `pricing_factors` VALUES (15,'cetak','handy',1.0000,'','2026-04-16 03:12:16','2026-04-16 03:12:16'),(16,'cetak','minimal',0.9500,'','2026-04-16 03:12:16','2026-04-16 03:12:16'),(17,'cetak','large',1.1500,'','2026-04-16 03:12:16','2026-04-16 03:12:16'),(18,'alacarte','ebook',0.7300,'','2026-04-16 03:12:16','2026-04-16 03:12:16'),(19,'alacarte','editcetak',0.6200,'','2026-04-16 03:12:16','2026-04-16 03:12:16'),(20,'alacarte','desain',0.2200,'','2026-04-16 03:12:16','2026-04-16 03:12:16'),(21,'alacarte','cetakonly',0.3000,'','2026-04-16 03:12:16','2026-04-16 03:12:16');
/*!40000 ALTER TABLE `pricing_factors` ENABLE KEYS */;
UNLOCK TABLES;

--
-- Table structure for table `roles`
--

DROP TABLE IF EXISTS `roles`;
/*!40101 SET @saved_cs_client     = @@character_set_client */;
/*!40101 SET character_set_client = utf8mb4 */;
CREATE TABLE `roles` (
  `id` int(11) NOT NULL AUTO_INCREMENT,
  `name` varchar(50) NOT NULL,
  `label` varchar(100) NOT NULL,
  `permissions` longtext CHARACTER SET utf8mb4 COLLATE utf8mb4_bin NOT NULL,
  `created_at` timestamp NOT NULL DEFAULT current_timestamp(),
  PRIMARY KEY (`id`),
  UNIQUE KEY `name` (`name`)
) ENGINE=InnoDB AUTO_INCREMENT=5 DEFAULT CHARSET=utf8mb4 COLLATE=utf8mb4_unicode_ci;
/*!40101 SET character_set_client = @saved_cs_client */;

--
-- Dumping data for table `roles`
--

LOCK TABLES `roles` WRITE;
/*!40000 ALTER TABLE `roles` DISABLE KEYS */;
INSERT INTO `roles` VALUES (1,'admin','Administrator','[\"create_user\",\"edit_user\",\"delete_user\",\"view_reports\",\"manage_settings\"]','2026-04-16 03:12:16'),(2,'manager','Manager','[\"create_penawaran\",\"edit_penawaran\",\"view_reports\"]','2026-04-16 03:12:16'),(3,'staff','Staff','[\"create_penawaran\",\"view_penawaran\"]','2026-04-16 03:12:16');
/*!40000 ALTER TABLE `roles` ENABLE KEYS */;
UNLOCK TABLES;

--
-- Table structure for table `settings`
--

DROP TABLE IF EXISTS `settings`;
/*!40101 SET @saved_cs_client     = @@character_set_client */;
/*!40101 SET character_set_client = utf8mb4 */;
CREATE TABLE `settings` (
  `id` int(11) NOT NULL AUTO_INCREMENT,
  `setting_key` varchar(100) NOT NULL,
  `setting_value` longtext NOT NULL,
  `updated_by` int(11) DEFAULT NULL,
  `updated_at` timestamp NOT NULL DEFAULT current_timestamp() ON UPDATE current_timestamp(),
  PRIMARY KEY (`id`),
  UNIQUE KEY `setting_key` (`setting_key`)
) ENGINE=InnoDB AUTO_INCREMENT=10 DEFAULT CHARSET=utf8mb4 COLLATE=utf8mb4_unicode_ci;
/*!40101 SET character_set_client = @saved_cs_client */;

--
-- Dumping data for table `settings`
--

LOCK TABLES `settings` WRITE;
/*!40000 ALTER TABLE `settings` DISABLE KEYS */;
INSERT INTO `settings` VALUES (1,'grad_packages','[{\"id\":\"gphv\",\"name\":\"Photo & Video\",\"price\":4500000,\"desc\":\"2 Fotografer + 1 Videografer, 50 foto edited, video cinematic 2\\u20134 mnt, G-Drive, 4 jam coverage, transport jabodetabek\",\"color\":\"acc\"},{\"id\":\"gvideo\",\"name\":\"Video Only\",\"price\":2000000,\"desc\":\"1 Videografer, video cinematic 2\\u20135 mnt, G-Drive, 4 jam coverage, transport jabodetabek\",\"color\":\"\"},{\"id\":\"gphoto\",\"name\":\"Photo Only\",\"price\":2750000,\"desc\":\"2 Fotografer, 100 foto edited, G-Drive, 4 jam coverage, transport jabodetabek\",\"color\":\"\"},{\"id\":\"gbooth\",\"name\":\"Photo Booth\",\"price\":3850000,\"desc\":\"1\\u20132 Crew profesional, backdrop wisuda, lighting studio, Selfiebox Machine, unlimited print 4R, max 3 jam, softcopy + QR Code realtime, transport jabodetabek\",\"color\":\"\"},{\"id\":\"g360\",\"name\":\"Glamation 360\\u00b0\",\"price\":4100000,\"desc\":\"1\\u20132 Crew profesional, MP4, LCD 50in preview, GoPro\\/iPhone 12 Pro, overlay design free, max 3 jam, QR Code realtime, transport jabodetabek\",\"color\":\"\"},{\"id\":\"gcomplete\",\"name\":\"Complete Package\",\"price\":7750000,\"desc\":\"Photo (2 foto, 100 edited) + Video (1 videografer, cinematic 2\\u20134 mnt) + Photo Booth (unlimited print 4R, max 3 jam, QR Code), transport jabodetabek\",\"color\":\"feat\"}]',2,'2026-04-06 03:02:34'),(3,'oh','{\"total\":65540000,\"marketing\":12750000,\"creative\":7670000,\"designer\":16700000,\"pm\":7200000,\"sosmed\":6430000,\"freelance\":3204000,\"ops\":11586000}',NULL,'2026-04-06 04:27:45'),(4,'cetak_f','{\"handy\":1.0, \"minimal\":0.95, \"large\":1.15}',NULL,'2026-04-06 04:27:45'),(5,'alc_f','{\"ebook\":0.72, \"editcetak\":0.62, \"desain\":0.22, \"cetakonly\":0.30}',NULL,'2026-04-06 04:27:45'),(6,'fs','{\"handy\":[[30,50,465000,30],[51,75,415000,30],[76,100,370000,45],[101,125,350000,55],[126,150,335000,60],[151,175,315000,65],[176,200,295000,75],[201,225,260000,80],[226,250,250000,80],[251,275,240000,90],[276,300,230000,100],[300,325,220000,100],[326,350,210000,120],[351,375,200000,120],[376,400,190000,135],[401,425,185000,135],[426,450,165000,145],[451,475,175000,150],[476,500,150000,160]],\"minimal\":[[30,50,450000,30],[51,75,400000,30],[76,100,355000,45],[101,125,335000,55],[126,150,320000,60],[151,175,300000,65],[176,200,280000,75],[201,225,245000,80],[226,250,235000,80],[251,275,240000,90],[276,300,215000,100],[300,325,205000,100],[326,350,195000,120],[351,375,185000,120],[376,400,180000,135],[401,425,170000,135],[426,450,160000,145],[451,475,150000,150],[476,500,140000,160]],\"large\":[[30,50,480000,30],[51,75,430000,30],[76,100,405000,45],[101,125,365000,55],[126,150,350000,60],[151,175,330000,65],[176,200,310000,75],[201,225,275000,80],[226,250,265000,80],[251,275,255000,90],[276,300,245000,100],[300,325,235000,100],[326,350,225000,120],[351,375,215000,120],[376,400,205000,135],[401,425,195000,135],[426,450,175000,145],[451,475,165000,150],[476,500,155000,160]]}',NULL,'2026-04-06 04:27:45'),(7,'addon_data','{\"finishing\":[{\"id\":\"binding\",\"name\":\"Binding Paku/Jepang/Spiral\",\"type\":\"flat\",\"tiers\":[[25,75,50000],[76,150,35000],[151,9999,30000]]},{\"id\":\"popup\",\"name\":\"Pop Up 2D\",\"type\":\"flat\",\"tiers\":[[25,75,55000],[76,150,40000],[151,9999,35000]]},{\"id\":\"tunnel\",\"name\":\"Cover Tunnel\",\"type\":\"flat\",\"tiers\":[[25,75,75000],[76,150,60000],[151,9999,50000]]},{\"id\":\"klip\",\"name\":\"Cover Klip/Cetekan\",\"type\":\"flat\",\"tiers\":[[25,75,15000],[76,150,10000],[151,9999,8000]]},{\"id\":\"covbahan\",\"name\":\"Cover Bahan\",\"type\":\"flat\",\"tiers\":[[25,75,55000],[76,150,40000],[151,9999,35000]]}],\"kertas\":[{\"id\":\"ivory\",\"name\":\"Ivory Paper\",\"type\":\"per_hal\",\"tiers\":[[25,50,450],[51,100,250],[101,150,200],[151,9999,150]]},{\"id\":\"laminasi\",\"name\":\"Laminasi Paper\",\"type\":\"per_hal\",\"tiers\":[[25,50,600],[51,100,450],[101,150,400],[151,9999,350]]}],\"halaman\":[{\"id\":\"extrahal\",\"name\":\"Halaman Tambahan\",\"type\":\"extra_hal\",\"tiers\":[[25,50,3000],[51,100,2000],[101,150,1300],[151,9999,1000]]}],\"video\":[{\"id\":\"drone\",\"name\":\"Drone Video (1\\u20132 mnt)\",\"type\":\"flat_video\",\"price\":1500000},{\"id\":\"docudrama\",\"name\":\"Docudrama Video (5\\u201310 mnt)\",\"type\":\"flat_video\",\"price\":3000000}],\"pkg1\":[{\"id\":\"slidebox\",\"name\":\"Slide Box\",\"type\":\"flat\",\"tiers\":[[25,50,45000],[51,100,40000],[101,150,35000],[151,200,30000],[201,9999,25000]]},{\"id\":\"stdbox1\",\"name\":\"Standart Box 1\",\"type\":\"flat\",\"tiers\":[[25,50,150000],[51,100,95000],[101,150,80000],[151,200,70000],[201,9999,65000]]},{\"id\":\"stdbox2\",\"name\":\"Standart Box 2\",\"type\":\"flat\",\"tiers\":[[25,50,150000],[51,100,100000],[101,150,80000],[151,200,75000],[201,9999,70000]]},{\"id\":\"hardbox\",\"name\":\"Hard Box 3 (Akrilik)\",\"type\":\"flat\",\"tiers\":[[25,50,125000],[51,100,100000],[101,150,90000],[151,200,80000],[201,9999,75000]]}],\"pkg2\":[{\"id\":\"cbox1\",\"name\":\"Custom Box 1\",\"type\":\"flat\",\"tiers\":[[25,50,200000],[51,100,170000],[101,150,130000],[151,200,120000],[201,9999,110000]]},{\"id\":\"cbox2\",\"name\":\"Custom Box 2\",\"type\":\"flat\",\"tiers\":[[25,50,165000],[51,100,150000],[101,150,130000],[151,200,120000],[201,9999,110000]]},{\"id\":\"cbox3\",\"name\":\"Custom Box 3\",\"type\":\"flat\",\"tiers\":[[25,50,200000],[51,100,170000],[101,150,130000],[151,200,120000],[201,9999,110000]]},{\"id\":\"cbox4\",\"name\":\"Custom Box 4\",\"type\":\"flat\",\"tiers\":[[25,50,200000],[51,100,170000],[101,150,140000],[151,200,130000],[201,9999,120000]]},{\"id\":\"cbox5\",\"name\":\"Custom Box 5\",\"type\":\"flat\",\"tiers\":[[25,50,200000],[51,100,170000],[101,150,145000],[151,200,135000],[201,9999,130000]]}]}',NULL,'2026-04-06 04:27:45'),(8,'cetak_base','[{\"lo\":30,\"hi\":50,\"label\":\"30\\u201350 siswa\",\"pages\":{\"30\":92000,\"45\":102000,\"60\":115000,\"65\":127000,\"75\":140000,\"80\":140000,\"90\":152000,\"100\":165000,\"110\":176000,\"120\":176000,\"135\":176000,\"150\":176000,\"160\":176000}},{\"lo\":51,\"hi\":75,\"label\":\"51\\u201375 siswa\",\"pages\":{\"30\":80000,\"45\":90000,\"60\":100000,\"65\":110000,\"75\":122000,\"80\":122000,\"90\":134000,\"100\":145000,\"110\":158000,\"120\":162000,\"135\":165000,\"150\":168000,\"160\":170000}},{\"lo\":76,\"hi\":100,\"label\":\"76\\u2013100 siswa\",\"pages\":{\"30\":70000,\"45\":80000,\"60\":90000,\"65\":98000,\"75\":108000,\"80\":108000,\"90\":118000,\"100\":130000,\"110\":140000,\"120\":145000,\"135\":150000,\"150\":155000,\"160\":160000}},{\"lo\":101,\"hi\":125,\"label\":\"101\\u2013125 siswa\",\"pages\":{\"30\":62000,\"45\":72000,\"60\":82000,\"65\":88000,\"75\":97000,\"80\":97000,\"90\":106000,\"100\":116000,\"110\":126000,\"120\":130000,\"135\":135000,\"150\":140000,\"160\":145000}},{\"lo\":126,\"hi\":150,\"label\":\"126\\u2013150 siswa\",\"pages\":{\"30\":58000,\"45\":68000,\"60\":76000,\"65\":82000,\"75\":90000,\"80\":90000,\"90\":98000,\"100\":108000,\"110\":118000,\"120\":122000,\"135\":127000,\"150\":132000,\"160\":137000}},{\"lo\":151,\"hi\":175,\"label\":\"151\\u2013175 siswa\",\"pages\":{\"30\":54000,\"45\":63000,\"60\":71000,\"65\":76000,\"75\":84000,\"80\":84000,\"90\":91000,\"100\":100000,\"110\":109000,\"120\":113000,\"135\":118000,\"150\":123000,\"160\":128000}},{\"lo\":176,\"hi\":200,\"label\":\"176\\u2013200 siswa\",\"pages\":{\"30\":50000,\"45\":59000,\"60\":66000,\"65\":71000,\"75\":78000,\"80\":78000,\"90\":85000,\"100\":93000,\"110\":101000,\"120\":105000,\"135\":110000,\"150\":115000,\"160\":119000}},{\"lo\":201,\"hi\":225,\"label\":\"201\\u2013225 siswa\",\"pages\":{\"30\":47000,\"45\":55000,\"60\":62000,\"65\":66000,\"75\":73000,\"80\":73000,\"90\":79000,\"100\":87000,\"110\":95000,\"120\":98000,\"135\":103000,\"150\":107000,\"160\":111000}},{\"lo\":226,\"hi\":250,\"label\":\"226\\u2013250 siswa\",\"pages\":{\"30\":44000,\"45\":52000,\"60\":58000,\"65\":62000,\"75\":68000,\"80\":68000,\"90\":74000,\"100\":81000,\"110\":88000,\"120\":92000,\"135\":96000,\"150\":100000,\"160\":104000}},{\"lo\":251,\"hi\":275,\"label\":\"251\\u2013275 siswa\",\"pages\":{\"30\":41000,\"45\":49000,\"60\":55000,\"65\":58000,\"75\":64000,\"80\":64000,\"90\":70000,\"100\":76000,\"110\":83000,\"120\":86000,\"135\":90000,\"150\":94000,\"160\":98000}},{\"lo\":276,\"hi\":300,\"label\":\"276\\u2013300 siswa\",\"pages\":{\"30\":39000,\"45\":46000,\"60\":52000,\"65\":55000,\"75\":60000,\"80\":60000,\"90\":66000,\"100\":72000,\"110\":78000,\"120\":81000,\"135\":85000,\"150\":89000,\"160\":92000}},{\"lo\":301,\"hi\":325,\"label\":\"301\\u2013325 siswa\",\"pages\":{\"30\":37000,\"45\":44000,\"60\":49000,\"65\":52000,\"75\":57000,\"80\":57000,\"90\":62000,\"100\":68000,\"110\":74000,\"120\":77000,\"135\":80000,\"150\":84000,\"160\":87000}},{\"lo\":326,\"hi\":350,\"label\":\"326\\u2013350 siswa\",\"pages\":{\"30\":35000,\"45\":42000,\"60\":47000,\"65\":50000,\"75\":54000,\"80\":54000,\"90\":59000,\"100\":65000,\"110\":70000,\"120\":73000,\"135\":76000,\"150\":80000,\"160\":83000}},{\"lo\":351,\"hi\":375,\"label\":\"351\\u2013375 siswa\",\"pages\":{\"30\":33000,\"45\":40000,\"60\":45000,\"65\":47000,\"75\":52000,\"80\":52000,\"90\":56000,\"100\":62000,\"110\":67000,\"120\":70000,\"135\":73000,\"150\":76000,\"160\":79000}},{\"lo\":376,\"hi\":400,\"label\":\"376\\u2013400 siswa\",\"pages\":{\"30\":31000,\"45\":38000,\"60\":42000,\"65\":45000,\"75\":49000,\"80\":49000,\"90\":53000,\"100\":58000,\"110\":63000,\"120\":66000,\"135\":69000,\"150\":72000,\"160\":75000}},{\"lo\":401,\"hi\":425,\"label\":\"401\\u2013425 siswa\",\"pages\":{\"30\":30000,\"45\":36000,\"60\":40000,\"65\":42000,\"75\":46000,\"80\":46000,\"90\":50000,\"100\":55000,\"110\":60000,\"120\":62000,\"135\":65000,\"150\":68000,\"160\":71000}},{\"lo\":426,\"hi\":450,\"label\":\"426\\u2013450 siswa\",\"pages\":{\"30\":28000,\"45\":34000,\"60\":38000,\"65\":40000,\"75\":44000,\"80\":44000,\"90\":48000,\"100\":52000,\"110\":57000,\"120\":59000,\"135\":62000,\"150\":65000,\"160\":67000}},{\"lo\":451,\"hi\":475,\"label\":\"451\\u2013475 siswa\",\"pages\":{\"30\":27000,\"45\":32000,\"60\":36000,\"65\":38000,\"75\":42000,\"80\":42000,\"90\":45000,\"100\":50000,\"110\":54000,\"120\":56000,\"135\":59000,\"150\":62000,\"160\":64000}},{\"lo\":476,\"hi\":500,\"label\":\"476\\u2013500 siswa\",\"pages\":{\"30\":26000,\"45\":31000,\"60\":34000,\"65\":36000,\"75\":40000,\"80\":40000,\"90\":43000,\"100\":47000,\"110\":51000,\"120\":53000,\"135\":56000,\"150\":59000,\"160\":61000}}]',NULL,'2026-04-06 04:27:45'),(9,'alc_cfg','{\"fs-handy\":{\"label\":\"Full Service \\u2014 Handy Book A4+\",\"fs\":true,\"pkg\":\"handy\",\"bySiswa\":true},\"fs-minimal\":{\"label\":\"Full Service \\u2014 Minimal Book SQ\",\"fs\":true,\"pkg\":\"minimal\",\"bySiswa\":true},\"fs-large\":{\"label\":\"Full Service \\u2014 Large Book B4\",\"fs\":true,\"pkg\":\"large\",\"bySiswa\":true},\"ac-ebook\":{\"label\":\"E-Book Package\",\"bySiswa\":true,\"factor\":\"ebook\"},\"ac-editcetak\":{\"label\":\"Edit+Desain+Cetak\",\"bySiswa\":true,\"factor\":\"editcetak\"},\"ac-fotohalf\":{\"label\":\"Foto Only (\\u00bd hari)\",\"bySiswa\":false,\"flat\":[3500000,5000000]},\"ac-fotofull\":{\"label\":\"Foto Only (full day)\",\"bySiswa\":false,\"flat\":[6000000,9000000]},\"ac-videod\":{\"label\":\"Drone Video\",\"bySiswa\":false,\"flat\":[1500000,1500000]},\"ac-videodoc\":{\"label\":\"Docudrama Video\",\"bySiswa\":false,\"flat\":[3000000,3000000]},\"ac-desain\":{\"label\":\"Desain Only\",\"bySiswa\":true,\"factor\":\"desain\",\"minPerBuku\":50000},\"ac-cetakonly\":{\"label\":\"Cetak Only\",\"bySiswa\":true,\"factor\":\"cetakonly\",\"minPerBuku\":30000}}',NULL,'2026-04-06 04:27:45');
/*!40000 ALTER TABLE `settings` ENABLE KEYS */;
UNLOCK TABLES;

--
-- Table structure for table `tbl_addons`
--

DROP TABLE IF EXISTS `tbl_addons`;
/*!40101 SET @saved_cs_client     = @@character_set_client */;
/*!40101 SET character_set_client = utf8mb4 */;
CREATE TABLE `tbl_addons` (
  `id` int(11) NOT NULL AUTO_INCREMENT,
  `category` varchar(50) DEFAULT NULL,
  `sub_id` varchar(50) DEFAULT NULL,
  `name` varchar(255) DEFAULT NULL,
  `type` varchar(50) DEFAULT NULL,
  `price` int(11) DEFAULT 0,
  `min_qty` int(11) DEFAULT 0,
  `max_qty` int(11) DEFAULT 9999,
  PRIMARY KEY (`id`)
) ENGINE=InnoDB AUTO_INCREMENT=223 DEFAULT CHARSET=utf8mb4 COLLATE=utf8mb4_unicode_ci;
/*!40101 SET character_set_client = @saved_cs_client */;

--
-- Dumping data for table `tbl_addons`
--

LOCK TABLES `tbl_addons` WRITE;
/*!40000 ALTER TABLE `tbl_addons` DISABLE KEYS */;
INSERT INTO `tbl_addons` VALUES (149,'finishing','binding','Binding Paku/Jepang/Spiral','flat',50000,25,75),(150,'finishing','binding','Binding Paku/Jepang/Spiral','flat',35000,76,150),(151,'finishing','binding','Binding Paku/Jepang/Spiral','flat',30000,151,9999),(152,'finishing','popup','Pop Up 2D','flat',55000,25,75),(153,'finishing','popup','Pop Up 2D','flat',40000,76,150),(154,'finishing','popup','Pop Up 2D','flat',35000,151,9999),(155,'finishing','tunnel','Cover Tunnel','flat',75000,25,75),(156,'finishing','tunnel','Cover Tunnel','flat',60000,76,150),(157,'finishing','tunnel','Cover Tunnel','flat',50000,151,9999),(158,'finishing','klip','Cover Klip/Cetekan','flat',15000,25,75),(159,'finishing','klip','Cover Klip/Cetekan','flat',10000,76,150),(160,'finishing','klip','Cover Klip/Cetekan','flat',8000,151,9999),(161,'finishing','covbahan','Cover Bahan','flat',55000,25,75),(162,'finishing','covbahan','Cover Bahan','flat',40000,76,150),(163,'finishing','covbahan','Cover Bahan','flat',35000,151,9999),(164,'kertas','ivory','Ivory Paper','per_hal',450,25,50),(165,'kertas','ivory','Ivory Paper','per_hal',250,51,100),(166,'kertas','ivory','Ivory Paper','per_hal',200,101,150),(167,'kertas','ivory','Ivory Paper','per_hal',150,151,9999),(168,'kertas','laminasi','Laminasi Paper','per_hal',600,25,50),(169,'kertas','laminasi','Laminasi Paper','per_hal',450,51,100),(170,'kertas','laminasi','Laminasi Paper','per_hal',400,101,150),(171,'kertas','laminasi','Laminasi Paper','per_hal',350,151,9999),(172,'halaman','extrahal','Halaman Tambahan','extra_hal',3000,25,50),(173,'halaman','extrahal','Halaman Tambahan','extra_hal',2000,51,100),(174,'halaman','extrahal','Halaman Tambahan','extra_hal',1300,101,150),(175,'halaman','extrahal','Halaman Tambahan','extra_hal',1000,151,9999),(176,'video','drone','Drone Video (1–2 mnt)','flat_video',1500000,0,9999),(177,'video','docudrama','Docudrama Video (5–10 mnt)','flat_video',3000000,0,9999),(178,'pkg1','slidebox','Slide Box','flat',45000,25,50),(179,'pkg1','slidebox','Slide Box','flat',40000,51,100),(180,'pkg1','slidebox','Slide Box','flat',35000,101,150),(181,'pkg1','slidebox','Slide Box','flat',30000,151,200),(182,'pkg1','slidebox','Slide Box','flat',25000,201,9999),(183,'pkg1','stdbox1','Standart Box 1','flat',150000,25,50),(184,'pkg1','stdbox1','Standart Box 1','flat',95000,51,100),(185,'pkg1','stdbox1','Standart Box 1','flat',80000,101,150),(186,'pkg1','stdbox1','Standart Box 1','flat',70000,151,200),(187,'pkg1','stdbox1','Standart Box 1','flat',65000,201,9999),(188,'pkg1','stdbox2','Standart Box 2','flat',150000,25,50),(189,'pkg1','stdbox2','Standart Box 2','flat',100000,51,100),(190,'pkg1','stdbox2','Standart Box 2','flat',80000,101,150),(191,'pkg1','stdbox2','Standart Box 2','flat',75000,151,200),(192,'pkg1','stdbox2','Standart Box 2','flat',70000,201,9999),(193,'pkg1','hardbox','Hard Box 3 (Akrilik)','flat',125000,25,50),(194,'pkg1','hardbox','Hard Box 3 (Akrilik)','flat',100000,51,100),(195,'pkg1','hardbox','Hard Box 3 (Akrilik)','flat',90000,101,150),(196,'pkg1','hardbox','Hard Box 3 (Akrilik)','flat',80000,151,200),(197,'pkg1','hardbox','Hard Box 3 (Akrilik)','flat',75000,201,9999),(198,'pkg2','cbox1','Custom Box 1','flat',200000,25,50),(199,'pkg2','cbox1','Custom Box 1','flat',170000,51,100),(200,'pkg2','cbox1','Custom Box 1','flat',130000,101,150),(201,'pkg2','cbox1','Custom Box 1','flat',120000,151,200),(202,'pkg2','cbox1','Custom Box 1','flat',110000,201,9999),(203,'pkg2','cbox2','Custom Box 2','flat',165000,25,50),(204,'pkg2','cbox2','Custom Box 2','flat',150000,51,100),(205,'pkg2','cbox2','Custom Box 2','flat',130000,101,150),(206,'pkg2','cbox2','Custom Box 2','flat',120000,151,200),(207,'pkg2','cbox2','Custom Box 2','flat',110000,201,9999),(208,'pkg2','cbox3','Custom Box 3','flat',200000,25,50),(209,'pkg2','cbox3','Custom Box 3','flat',170000,51,100),(210,'pkg2','cbox3','Custom Box 3','flat',130000,101,150),(211,'pkg2','cbox3','Custom Box 3','flat',120000,151,200),(212,'pkg2','cbox3','Custom Box 3','flat',110000,201,9999),(213,'pkg2','cbox4','Custom Box 4','flat',200000,25,50),(214,'pkg2','cbox4','Custom Box 4','flat',170000,51,100),(215,'pkg2','cbox4','Custom Box 4','flat',140000,101,150),(216,'pkg2','cbox4','Custom Box 4','flat',130000,151,200),(217,'pkg2','cbox4','Custom Box 4','flat',120000,201,9999),(218,'pkg2','cbox5','Custom Box 5','flat',200000,25,50),(219,'pkg2','cbox5','Custom Box 5','flat',170000,51,100),(220,'pkg2','cbox5','Custom Box 5','flat',145000,101,150),(221,'pkg2','cbox5','Custom Box 5','flat',135000,151,200),(222,'pkg2','cbox5','Custom Box 5','flat',130000,201,9999);
/*!40000 ALTER TABLE `tbl_addons` ENABLE KEYS */;
UNLOCK TABLES;

--
-- Table structure for table `tbl_cetak_prices`
--

DROP TABLE IF EXISTS `tbl_cetak_prices`;
/*!40101 SET @saved_cs_client     = @@character_set_client */;
/*!40101 SET character_set_client = utf8mb4 */;
CREATE TABLE `tbl_cetak_prices` (
  `id` int(11) NOT NULL AUTO_INCREMENT,
  `range_idx` int(11) DEFAULT NULL,
  `label` varchar(50) DEFAULT NULL,
  `min_siswa` int(11) DEFAULT NULL,
  `max_siswa` int(11) DEFAULT NULL,
  `pages` int(11) DEFAULT NULL,
  `harga` int(11) DEFAULT NULL,
  PRIMARY KEY (`id`)
) ENGINE=InnoDB AUTO_INCREMENT=248 DEFAULT CHARSET=utf8mb4 COLLATE=utf8mb4_unicode_ci;
/*!40101 SET character_set_client = @saved_cs_client */;

--
-- Dumping data for table `tbl_cetak_prices`
--

LOCK TABLES `tbl_cetak_prices` WRITE;
/*!40000 ALTER TABLE `tbl_cetak_prices` DISABLE KEYS */;
INSERT INTO `tbl_cetak_prices` VALUES (1,0,'30-50 siswa',30,50,30,92000),(2,0,'30-50 siswa',30,50,45,102000),(3,0,'30-50 siswa',30,50,60,115000),(4,0,'30-50 siswa',30,50,65,127000),(5,0,'30-50 siswa',30,50,75,140000),(6,0,'30-50 siswa',30,50,80,140000),(7,0,'30-50 siswa',30,50,90,152000),(8,0,'30-50 siswa',30,50,100,165000),(9,0,'30-50 siswa',30,50,110,176000),(10,0,'30-50 siswa',30,50,120,176000),(11,0,'30-50 siswa',30,50,135,176000),(12,0,'30-50 siswa',30,50,150,176000),(13,0,'30-50 siswa',30,50,160,176000),(14,1,'51-75 siswa',51,75,30,80000),(15,1,'51-75 siswa',51,75,45,90000),(16,1,'51-75 siswa',51,75,60,100000),(17,1,'51-75 siswa',51,75,65,110000),(18,1,'51-75 siswa',51,75,75,122000),(19,1,'51-75 siswa',51,75,80,122000),(20,1,'51-75 siswa',51,75,90,134000),(21,1,'51-75 siswa',51,75,100,145000),(22,1,'51-75 siswa',51,75,110,158000),(23,1,'51-75 siswa',51,75,120,162000),(24,1,'51-75 siswa',51,75,135,165000),(25,1,'51-75 siswa',51,75,150,168000),(26,1,'51-75 siswa',51,75,160,170000),(27,2,'76-100 siswa',76,100,30,70000),(28,2,'76-100 siswa',76,100,45,80000),(29,2,'76-100 siswa',76,100,60,90000),(30,2,'76-100 siswa',76,100,65,98000),(31,2,'76-100 siswa',76,100,75,108000),(32,2,'76-100 siswa',76,100,80,108000),(33,2,'76-100 siswa',76,100,90,118000),(34,2,'76-100 siswa',76,100,100,130000),(35,2,'76-100 siswa',76,100,110,140000),(36,2,'76-100 siswa',76,100,120,145000),(37,2,'76-100 siswa',76,100,135,150000),(38,2,'76-100 siswa',76,100,150,155000),(39,2,'76-100 siswa',76,100,160,160000),(40,3,'101-125 siswa',101,125,30,62000),(41,3,'101-125 siswa',101,125,45,72000),(42,3,'101-125 siswa',101,125,60,82000),(43,3,'101-125 siswa',101,125,65,88000),(44,3,'101-125 siswa',101,125,75,97000),(45,3,'101-125 siswa',101,125,80,97000),(46,3,'101-125 siswa',101,125,90,106000),(47,3,'101-125 siswa',101,125,100,116000),(48,3,'101-125 siswa',101,125,110,126000),(49,3,'101-125 siswa',101,125,120,130000),(50,3,'101-125 siswa',101,125,135,135000),(51,3,'101-125 siswa',101,125,150,140000),(52,3,'101-125 siswa',101,125,160,145000),(53,4,'126-150 siswa',126,150,30,58000),(54,4,'126-150 siswa',126,150,45,68000),(55,4,'126-150 siswa',126,150,60,76000),(56,4,'126-150 siswa',126,150,65,82000),(57,4,'126-150 siswa',126,150,75,90000),(58,4,'126-150 siswa',126,150,80,90000),(59,4,'126-150 siswa',126,150,90,98000),(60,4,'126-150 siswa',126,150,100,108000),(61,4,'126-150 siswa',126,150,110,118000),(62,4,'126-150 siswa',126,150,120,122000),(63,4,'126-150 siswa',126,150,135,127000),(64,4,'126-150 siswa',126,150,150,132000),(65,4,'126-150 siswa',126,150,160,137000),(66,5,'151-175 siswa',151,175,30,54000),(67,5,'151-175 siswa',151,175,45,63000),(68,5,'151-175 siswa',151,175,60,71000),(69,5,'151-175 siswa',151,175,65,76000),(70,5,'151-175 siswa',151,175,75,84000),(71,5,'151-175 siswa',151,175,80,84000),(72,5,'151-175 siswa',151,175,90,91000),(73,5,'151-175 siswa',151,175,100,100000),(74,5,'151-175 siswa',151,175,110,109000),(75,5,'151-175 siswa',151,175,120,113000),(76,5,'151-175 siswa',151,175,135,118000),(77,5,'151-175 siswa',151,175,150,123000),(78,5,'151-175 siswa',151,175,160,128000),(79,6,'176-200 siswa',176,200,30,50000),(80,6,'176-200 siswa',176,200,45,59000),(81,6,'176-200 siswa',176,200,60,66000),(82,6,'176-200 siswa',176,200,65,71000),(83,6,'176-200 siswa',176,200,75,78000),(84,6,'176-200 siswa',176,200,80,78000),(85,6,'176-200 siswa',176,200,90,85000),(86,6,'176-200 siswa',176,200,100,93000),(87,6,'176-200 siswa',176,200,110,101000),(88,6,'176-200 siswa',176,200,120,105000),(89,6,'176-200 siswa',176,200,135,110000),(90,6,'176-200 siswa',176,200,150,115000),(91,6,'176-200 siswa',176,200,160,119000),(92,7,'201-225 siswa',201,225,30,47000),(93,7,'201-225 siswa',201,225,45,55000),(94,7,'201-225 siswa',201,225,60,62000),(95,7,'201-225 siswa',201,225,65,66000),(96,7,'201-225 siswa',201,225,75,73000),(97,7,'201-225 siswa',201,225,80,73000),(98,7,'201-225 siswa',201,225,90,79000),(99,7,'201-225 siswa',201,225,100,87000),(100,7,'201-225 siswa',201,225,110,95000),(101,7,'201-225 siswa',201,225,120,98000),(102,7,'201-225 siswa',201,225,135,103000),(103,7,'201-225 siswa',201,225,150,107000),(104,7,'201-225 siswa',201,225,160,111000),(105,8,'226-250 siswa',226,250,30,44000),(106,8,'226-250 siswa',226,250,45,52000),(107,8,'226-250 siswa',226,250,60,58000),(108,8,'226-250 siswa',226,250,65,62000),(109,8,'226-250 siswa',226,250,75,68000),(110,8,'226-250 siswa',226,250,80,68000),(111,8,'226-250 siswa',226,250,90,74000),(112,8,'226-250 siswa',226,250,100,81000),(113,8,'226-250 siswa',226,250,110,88000),(114,8,'226-250 siswa',226,250,120,92000),(115,8,'226-250 siswa',226,250,135,96000),(116,8,'226-250 siswa',226,250,150,100000),(117,8,'226-250 siswa',226,250,160,104000),(118,9,'251-275 siswa',251,275,30,41000),(119,9,'251-275 siswa',251,275,45,49000),(120,9,'251-275 siswa',251,275,60,55000),(121,9,'251-275 siswa',251,275,65,58000),(122,9,'251-275 siswa',251,275,75,64000),(123,9,'251-275 siswa',251,275,80,64000),(124,9,'251-275 siswa',251,275,90,70000),(125,9,'251-275 siswa',251,275,100,76000),(126,9,'251-275 siswa',251,275,110,83000),(127,9,'251-275 siswa',251,275,120,86000),(128,9,'251-275 siswa',251,275,135,90000),(129,9,'251-275 siswa',251,275,150,94000),(130,9,'251-275 siswa',251,275,160,98000),(131,10,'276-300 siswa',276,300,30,39000),(132,10,'276-300 siswa',276,300,45,46000),(133,10,'276-300 siswa',276,300,60,52000),(134,10,'276-300 siswa',276,300,65,55000),(135,10,'276-300 siswa',276,300,75,60000),(136,10,'276-300 siswa',276,300,80,60000),(137,10,'276-300 siswa',276,300,90,66000),(138,10,'276-300 siswa',276,300,100,72000),(139,10,'276-300 siswa',276,300,110,78000),(140,10,'276-300 siswa',276,300,120,81000),(141,10,'276-300 siswa',276,300,135,85000),(142,10,'276-300 siswa',276,300,150,89000),(143,10,'276-300 siswa',276,300,160,92000),(144,11,'301-325 siswa',301,325,30,37000),(145,11,'301-325 siswa',301,325,45,44000),(146,11,'301-325 siswa',301,325,60,49000),(147,11,'301-325 siswa',301,325,65,52000),(148,11,'301-325 siswa',301,325,75,57000),(149,11,'301-325 siswa',301,325,80,57000),(150,11,'301-325 siswa',301,325,90,62000),(151,11,'301-325 siswa',301,325,100,68000),(152,11,'301-325 siswa',301,325,110,74000),(153,11,'301-325 siswa',301,325,120,77000),(154,11,'301-325 siswa',301,325,135,80000),(155,11,'301-325 siswa',301,325,150,84000),(156,11,'301-325 siswa',301,325,160,87000),(157,12,'326-350 siswa',326,350,30,35000),(158,12,'326-350 siswa',326,350,45,42000),(159,12,'326-350 siswa',326,350,60,47000),(160,12,'326-350 siswa',326,350,65,50000),(161,12,'326-350 siswa',326,350,75,54000),(162,12,'326-350 siswa',326,350,80,54000),(163,12,'326-350 siswa',326,350,90,59000),(164,12,'326-350 siswa',326,350,100,65000),(165,12,'326-350 siswa',326,350,110,70000),(166,12,'326-350 siswa',326,350,120,73000),(167,12,'326-350 siswa',326,350,135,76000),(168,12,'326-350 siswa',326,350,150,80000),(169,12,'326-350 siswa',326,350,160,83000),(170,13,'351-375 siswa',351,375,30,33000),(171,13,'351-375 siswa',351,375,45,40000),(172,13,'351-375 siswa',351,375,60,45000),(173,13,'351-375 siswa',351,375,65,47000),(174,13,'351-375 siswa',351,375,75,52000),(175,13,'351-375 siswa',351,375,80,52000),(176,13,'351-375 siswa',351,375,90,56000),(177,13,'351-375 siswa',351,375,100,62000),(178,13,'351-375 siswa',351,375,110,67000),(179,13,'351-375 siswa',351,375,120,70000),(180,13,'351-375 siswa',351,375,135,73000),(181,13,'351-375 siswa',351,375,150,76000),(182,13,'351-375 siswa',351,375,160,79000),(183,14,'376-400 siswa',376,400,30,31000),(184,14,'376-400 siswa',376,400,45,38000),(185,14,'376-400 siswa',376,400,60,42000),(186,14,'376-400 siswa',376,400,65,45000),(187,14,'376-400 siswa',376,400,75,49000),(188,14,'376-400 siswa',376,400,80,49000),(189,14,'376-400 siswa',376,400,90,53000),(190,14,'376-400 siswa',376,400,100,58000),(191,14,'376-400 siswa',376,400,110,63000),(192,14,'376-400 siswa',376,400,120,66000),(193,14,'376-400 siswa',376,400,135,69000),(194,14,'376-400 siswa',376,400,150,72000),(195,14,'376-400 siswa',376,400,160,75000),(196,15,'401-425 siswa',401,425,30,30000),(197,15,'401-425 siswa',401,425,45,36000),(198,15,'401-425 siswa',401,425,60,40000),(199,15,'401-425 siswa',401,425,65,42000),(200,15,'401-425 siswa',401,425,75,46000),(201,15,'401-425 siswa',401,425,80,46000),(202,15,'401-425 siswa',401,425,90,50000),(203,15,'401-425 siswa',401,425,100,55000),(204,15,'401-425 siswa',401,425,110,60000),(205,15,'401-425 siswa',401,425,120,62000),(206,15,'401-425 siswa',401,425,135,65000),(207,15,'401-425 siswa',401,425,150,68000),(208,15,'401-425 siswa',401,425,160,71000),(209,16,'426-450 siswa',426,450,30,28000),(210,16,'426-450 siswa',426,450,45,34000),(211,16,'426-450 siswa',426,450,60,38000),(212,16,'426-450 siswa',426,450,65,40000),(213,16,'426-450 siswa',426,450,75,44000),(214,16,'426-450 siswa',426,450,80,44000),(215,16,'426-450 siswa',426,450,90,48000),(216,16,'426-450 siswa',426,450,100,52000),(217,16,'426-450 siswa',426,450,110,57000),(218,16,'426-450 siswa',426,450,120,59000),(219,16,'426-450 siswa',426,450,135,62000),(220,16,'426-450 siswa',426,450,150,65000),(221,16,'426-450 siswa',426,450,160,67000),(222,17,'451-475 siswa',451,475,30,27000),(223,17,'451-475 siswa',451,475,45,32000),(224,17,'451-475 siswa',451,475,60,36000),(225,17,'451-475 siswa',451,475,65,38000),(226,17,'451-475 siswa',451,475,75,42000),(227,17,'451-475 siswa',451,475,80,42000),(228,17,'451-475 siswa',451,475,90,45000),(229,17,'451-475 siswa',451,475,100,50000),(230,17,'451-475 siswa',451,475,110,54000),(231,17,'451-475 siswa',451,475,120,56000),(232,17,'451-475 siswa',451,475,135,59000),(233,17,'451-475 siswa',451,475,150,62000),(234,17,'451-475 siswa',451,475,160,64000),(235,18,'476-500 siswa',476,500,30,26000),(236,18,'476-500 siswa',476,500,45,31000),(237,18,'476-500 siswa',476,500,60,34000),(238,18,'476-500 siswa',476,500,65,36000),(239,18,'476-500 siswa',476,500,75,40000),(240,18,'476-500 siswa',476,500,80,40000),(241,18,'476-500 siswa',476,500,90,43000),(242,18,'476-500 siswa',476,500,100,47000),(243,18,'476-500 siswa',476,500,110,51000),(244,18,'476-500 siswa',476,500,120,53000),(245,18,'476-500 siswa',476,500,135,56000),(246,18,'476-500 siswa',476,500,150,59000),(247,18,'476-500 siswa',476,500,160,61000);
/*!40000 ALTER TABLE `tbl_cetak_prices` ENABLE KEYS */;
UNLOCK TABLES;

--
-- Table structure for table `tbl_fs_prices`
--

DROP TABLE IF EXISTS `tbl_fs_prices`;
/*!40101 SET @saved_cs_client     = @@character_set_client */;
/*!40101 SET character_set_client = utf8mb4 */;
CREATE TABLE `tbl_fs_prices` (
  `id` int(11) NOT NULL AUTO_INCREMENT,
  `pkg` varchar(50) DEFAULT NULL,
  `min_siswa` int(11) DEFAULT NULL,
  `max_siswa` int(11) DEFAULT NULL,
  `harga` int(11) DEFAULT NULL,
  `pages` int(11) DEFAULT NULL,
  PRIMARY KEY (`id`)
) ENGINE=InnoDB AUTO_INCREMENT=58 DEFAULT CHARSET=utf8mb4 COLLATE=utf8mb4_unicode_ci;
/*!40101 SET character_set_client = @saved_cs_client */;

--
-- Dumping data for table `tbl_fs_prices`
--

LOCK TABLES `tbl_fs_prices` WRITE;
/*!40000 ALTER TABLE `tbl_fs_prices` DISABLE KEYS */;
INSERT INTO `tbl_fs_prices` VALUES (1,'handy',30,50,465000,30),(2,'handy',51,75,415000,30),(3,'handy',76,100,370000,45),(4,'handy',101,125,350000,55),(5,'handy',126,150,335000,60),(6,'handy',151,175,315000,65),(7,'handy',176,200,295000,75),(8,'handy',201,225,260000,80),(9,'handy',226,250,250000,80),(10,'handy',251,275,240000,90),(11,'handy',276,300,230000,100),(12,'handy',300,325,220000,100),(13,'handy',326,350,210000,120),(14,'handy',351,375,200000,120),(15,'handy',376,400,190000,135),(16,'handy',401,425,185000,135),(17,'handy',426,450,165000,145),(18,'handy',451,475,175000,150),(19,'handy',476,500,150000,160),(20,'minimal',30,50,450000,30),(21,'minimal',51,75,400000,30),(22,'minimal',76,100,355000,45),(23,'minimal',101,125,335000,55),(24,'minimal',126,150,320000,60),(25,'minimal',151,175,300000,65),(26,'minimal',176,200,280000,75),(27,'minimal',201,225,245000,80),(28,'minimal',226,250,235000,80),(29,'minimal',251,275,240000,90),(30,'minimal',276,300,215000,100),(31,'minimal',300,325,205000,100),(32,'minimal',326,350,195000,120),(33,'minimal',351,375,185000,120),(34,'minimal',376,400,180000,135),(35,'minimal',401,425,170000,135),(36,'minimal',426,450,160000,145),(37,'minimal',451,475,150000,150),(38,'minimal',476,500,140000,160),(39,'large',30,50,480000,30),(40,'large',51,75,430000,30),(41,'large',76,100,405000,45),(42,'large',101,125,365000,55),(43,'large',126,150,350000,60),(44,'large',151,175,330000,65),(45,'large',176,200,310000,75),(46,'large',201,225,275000,80),(47,'large',226,250,265000,80),(48,'large',251,275,255000,90),(49,'large',276,300,245000,100),(50,'large',300,325,235000,100),(51,'large',326,350,225000,120),(52,'large',351,375,215000,120),(53,'large',376,400,205000,135),(54,'large',401,425,195000,135),(55,'large',426,450,175000,145),(56,'large',451,475,165000,150),(57,'large',476,500,155000,160);
/*!40000 ALTER TABLE `tbl_fs_prices` ENABLE KEYS */;
UNLOCK TABLES;

--
-- Table structure for table `tbl_grad_addons`
--

DROP TABLE IF EXISTS `tbl_grad_addons`;
/*!40101 SET @saved_cs_client     = @@character_set_client */;
/*!40101 SET character_set_client = utf8mb4 */;
CREATE TABLE `tbl_grad_addons` (
  `id` varchar(50) NOT NULL,
  `category` varchar(50) DEFAULT NULL,
  `name` varchar(255) DEFAULT NULL,
  `price` int(11) DEFAULT NULL,
  PRIMARY KEY (`id`)
) ENGINE=InnoDB DEFAULT CHARSET=utf8mb4 COLLATE=utf8mb4_unicode_ci;
/*!40101 SET character_set_client = @saved_cs_client */;

--
-- Dumping data for table `tbl_grad_addons`
--

LOCK TABLES `tbl_grad_addons` WRITE;
/*!40000 ALTER TABLE `tbl_grad_addons` DISABLE KEYS */;
INSERT INTO `tbl_grad_addons` VALUES ('g10r','cetak','Cetak Foto 10R',15000),('g12r','cetak','Cetak Foto 12R',20000),('g4r','cetak','Cetak Foto 4R',4000),('g8r','cetak','Cetak Foto 8R',8000),('gbooth_add','addons','Tambah 1 Jam Photobooth/360',500000),('gphoto_add','addons','Tambah 1 Fotografer',1250000),('gvideo_add','addons','Tambah 1 Videografer',1500000),('gwork_add','addons','Tambah 1 Jam Kerja/Orang',350000);
/*!40000 ALTER TABLE `tbl_grad_addons` ENABLE KEYS */;
UNLOCK TABLES;

--
-- Table structure for table `tbl_grad_packages`
--

DROP TABLE IF EXISTS `tbl_grad_packages`;
/*!40101 SET @saved_cs_client     = @@character_set_client */;
/*!40101 SET character_set_client = utf8mb4 */;
CREATE TABLE `tbl_grad_packages` (
  `id` varchar(50) NOT NULL,
  `name` varchar(255) DEFAULT NULL,
  `price` int(11) DEFAULT NULL,
  `description` text DEFAULT NULL,
  `color` varchar(50) DEFAULT NULL,
  PRIMARY KEY (`id`)
) ENGINE=InnoDB DEFAULT CHARSET=utf8mb4 COLLATE=utf8mb4_unicode_ci;
/*!40101 SET character_set_client = @saved_cs_client */;

--
-- Dumping data for table `tbl_grad_packages`
--

LOCK TABLES `tbl_grad_packages` WRITE;
/*!40000 ALTER TABLE `tbl_grad_packages` DISABLE KEYS */;
INSERT INTO `tbl_grad_packages` VALUES ('g360','Glamation 360',4100000,'1-2 Crew profesional',''),('gbooth','Photo Booth',3850000,'1-2 Crew profesional',''),('gcomplete','Complete Package',7750000,'Photo + Video','feat'),('gphoto','Photo Only',2750000,'2 Fotografer',''),('gphv','Photo & Video',4500000,'2 Fotografer + 1 Videografer','acc'),('gvideo','Video Only',2000000,'1 Videografer','');
/*!40000 ALTER TABLE `tbl_grad_packages` ENABLE KEYS */;
UNLOCK TABLES;

--
-- Table structure for table `tbl_multipliers`
--

DROP TABLE IF EXISTS `tbl_multipliers`;
/*!40101 SET @saved_cs_client     = @@character_set_client */;
/*!40101 SET character_set_client = utf8mb4 */;
CREATE TABLE `tbl_multipliers` (
  `id` int(11) NOT NULL AUTO_INCREMENT,
  `category` varchar(50) DEFAULT NULL,
  `key_name` varchar(50) DEFAULT NULL,
  `label` varchar(255) DEFAULT NULL,
  `value` float DEFAULT NULL,
  PRIMARY KEY (`id`),
  UNIQUE KEY `key_name` (`key_name`)
) ENGINE=InnoDB AUTO_INCREMENT=8 DEFAULT CHARSET=utf8mb4 COLLATE=utf8mb4_unicode_ci;
/*!40101 SET character_set_client = @saved_cs_client */;

--
-- Dumping data for table `tbl_multipliers`
--

LOCK TABLES `tbl_multipliers` WRITE;
/*!40000 ALTER TABLE `tbl_multipliers` DISABLE KEYS */;
INSERT INTO `tbl_multipliers` VALUES (1,'cetak','handy','Handy Book A4+',1),(2,'cetak','minimal','Minimal Book SQ',0.95),(3,'cetak','large','Large Book B4',1.15),(4,'alc','ebook','E-Book Package (%)',72),(5,'alc','editcetak','Edit+Desain+Cetak (%)',62),(6,'alc','desain','Desain Only (%)',22),(7,'alc','cetakonly','Cetak Only (%)',30);
/*!40000 ALTER TABLE `tbl_multipliers` ENABLE KEYS */;
UNLOCK TABLES;

--
-- Table structure for table `tbl_overhead`
--

DROP TABLE IF EXISTS `tbl_overhead`;
/*!40101 SET @saved_cs_client     = @@character_set_client */;
/*!40101 SET character_set_client = utf8mb4 */;
CREATE TABLE `tbl_overhead` (
  `id` int(11) NOT NULL AUTO_INCREMENT,
  `key_name` varchar(50) DEFAULT NULL,
  `label` varchar(255) DEFAULT NULL,
  `amount` int(11) DEFAULT NULL,
  PRIMARY KEY (`id`),
  UNIQUE KEY `key_name` (`key_name`)
) ENGINE=InnoDB AUTO_INCREMENT=9 DEFAULT CHARSET=utf8mb4 COLLATE=utf8mb4_unicode_ci;
/*!40101 SET character_set_client = @saved_cs_client */;

--
-- Dumping data for table `tbl_overhead`
--

LOCK TABLES `tbl_overhead` WRITE;
/*!40000 ALTER TABLE `tbl_overhead` DISABLE KEYS */;
INSERT INTO `tbl_overhead` VALUES (1,'total','Total Overhead',65540000),(2,'marketing','Marketing & Pemasaran',12750000),(3,'creative','Tim Kreatif (Desain, Video)',7670000),(4,'designer','Fotografer & Tim Lapangan',16700000),(5,'pm','Project Manager',7200000),(6,'sosmed','Sosmed & Konten',6430000),(7,'freelance','Cadangan Freelance',3204000),(8,'ops','Ops (Tools, Transport, Server)',11586000);
/*!40000 ALTER TABLE `tbl_overhead` ENABLE KEYS */;
UNLOCK TABLES;

--
-- Table structure for table `users`
--

DROP TABLE IF EXISTS `users`;
/*!40101 SET @saved_cs_client     = @@character_set_client */;
/*!40101 SET character_set_client = utf8mb4 */;
CREATE TABLE `users` (
  `id` int(11) NOT NULL AUTO_INCREMENT,
  `username` varchar(50) NOT NULL,
  `password` varchar(255) NOT NULL,
  `name` varchar(100) NOT NULL,
  `role_id` int(11) NOT NULL,
  `is_active` tinyint(1) DEFAULT 1,
  `created_at` timestamp NOT NULL DEFAULT current_timestamp(),
  PRIMARY KEY (`id`),
  UNIQUE KEY `username` (`username`),
  KEY `role_id` (`role_id`),
  CONSTRAINT `users_ibfk_1` FOREIGN KEY (`role_id`) REFERENCES `roles` (`id`)
) ENGINE=InnoDB AUTO_INCREMENT=5 DEFAULT CHARSET=utf8mb4 COLLATE=utf8mb4_unicode_ci;
/*!40101 SET character_set_client = @saved_cs_client */;

--
-- Dumping data for table `users`
--

LOCK TABLES `users` WRITE;
/*!40000 ALTER TABLE `users` DISABLE KEYS */;
INSERT INTO `users` VALUES (1,'admin','$2y$10$JVcYQCJ9bOxiKKzjD5AaIuFm0JsI.wTCpCsh4WjjMlTELw7aRE0J2','Administrator',1,1,'2026-04-05 17:00:00'),(2,'manager','$2y$10$vkWDCDwnijr09oKHW50ny.tK6u7mGd08CPzTo0SdVsGCbiLWKMIF6','Manajer',2,1,'2026-04-05 17:00:00'),(3,'staff','$2y$10$xwONKMp6sripzA5QZRFBTuoYPhXqIdTvi/Tt0VU5LneOeJjMu6cse','Staff Member',3,1,'2026-04-05 17:00:00'),(4,'qwdq','$2y$10$6Pel76DjzAtKDroKyLeEruGPoz6pCw8QihIswmrlkfLJCQ7AOQveq','qweqwe',1,1,'2026-04-06 03:08:38');
/*!40000 ALTER TABLE `users` ENABLE KEYS */;
UNLOCK TABLES;
/*!40103 SET TIME_ZONE=@OLD_TIME_ZONE */;

/*!40101 SET SQL_MODE=@OLD_SQL_MODE */;
/*!40014 SET FOREIGN_KEY_CHECKS=@OLD_FOREIGN_KEY_CHECKS */;
/*!40014 SET UNIQUE_CHECKS=@OLD_UNIQUE_CHECKS */;
/*!40101 SET CHARACTER_SET_CLIENT=@OLD_CHARACTER_SET_CLIENT */;
/*!40101 SET CHARACTER_SET_RESULTS=@OLD_CHARACTER_SET_RESULTS */;
/*!40101 SET COLLATION_CONNECTION=@OLD_COLLATION_CONNECTION */;
/*!40111 SET SQL_NOTES=@OLD_SQL_NOTES */;

-- Dump completed on 2026-04-16 11:42:04
